Wavelength,mCherry (AB),mCherry (EM),mOrange (AB),mOrange (EM),DsRed (EX),DsRed (EM),iRFP713 (EX),iRFP713 (EM),mScarlet (EX),mScarlet (EM),mApple (EX),mApple (EM),Sirius (EX),Sirius (EM),Cerulean (EM),Cerulean (EX),ECFP (EM),ECFP (EX),mKO (EM),mKO (EX),mPlum (EM),mPlum (EX),TagRFP (EM),TagRFP (EX),tdTomato (EM),tdTomato (EX),iRFP720 (EX),iRFP720 (EM),EBFP2 (EX),EBFP2 (EM)
250,,,,,,,,,,,,,,,,,0.495,,,,,,,,,,,,,
251,,,,,,,,,,,,,,,,,0.4881,,,,,,,,,,,,,
252,,,,,,,,,,,,,,,,,0.485,,,,,,,,,,,,,
253,,,,,,,,,,,,,,,,,0.4834,,,,,,,,,,,,,
254,,,,,,,,,,,,,,,,,0.483,,,,,,,,,,,,,
255,,,,,,,,,,,,,,,,,0.4855,,,,,,,,,,,,,
256,,,,,,,,,,,,,,,,,0.4951,,,,,,,,,,,,,
257,,,,,,,,,,,,,,,,,0.515,,,,,,,,,,,,,
258,,,,,,,,,,,,,,,,,0.5393,,,,,,,,,,,,,
259,,,,,,,,,,,,,,,,,0.5588,,,,,,,,,,,,,
260,,,,,,,,,,,,,,,,,0.5731,,,,,,,,,,,,,
261,,,,,,,,,0.607918,,0.723757,,,,,,0.5876,,,,,,,,,,,,,
262,,,,,,,,,0.619413,,0.733425,,,,,,0.6032,,,,,,,,,,,,,
263,,,,,,,,,0.636015,,0.744475,,,,,,0.6246,,,,,,,,,,,,,
264,,,,,,,,,0.655172,,0.759669,,,,,,0.6502,,,,,,,,,,,,,
265,,,,,,,,,0.678161,,0.780387,,,,,,0.6754,,,,,,,,,,,,,
266,,,,,,,,,0.704981,,0.802486,,,,,,0.6969,,,,,,,,,,,,,
267,,,,,,,,,0.726692,,0.819061,,,,,,0.7217,,,,,,,,,,,,,
268,,,,,,,,,0.747126,,0.834254,,,,,,0.7494,,,,,,,,,,,,,
269,,,,,,,,,0.772669,,0.856354,,,,,,0.7787,,,,,,,,,,,,,
270,,,,,,,,,0.795658,,0.879834,,,,,,0.8084,,,,,,,,,,,,,
271,,,,,,,,,0.810983,,0.893646,,,,,,0.8394,,,,,,,,,,,,,
272,,,,,,,,,0.828863,,0.907459,,,,,,0.8709,,,,,,,,,,,,,
273,,,,,,,,,0.84802,,0.925414,,,,,,0.9025,,,,,,,,,,,,,
274,,,,,,,,,0.871009,,0.944751,,,,,,0.9351,,,,,,,,,,,,,
275,,,,,,,,,0.89272,,0.96547,,,,,,0.9626,,,,,,,,,,,,,
276,,,,,,,,,0.908046,,0.982044,,,,,,0.9826,,,,,,,,,,,,,
277,,,,,,,,,0.91954,,0.991713,,,,,,0.9944,,,,,,,,,,,,,
278,,,,,,,,,0.92848,,0.998619,,,,,,1,,,,,,,,,,,,,
279,,,,,,,,,0.92848,,1.00138,,,,,,0.9995,,,,,,,,,,,,,
280,,,,,,,,,0.923372,,0.998619,,,,,,0.996,,,,,,,,,,,,,
281,,,,,,,,,0.911877,,0.991713,,,,,,0.989,,,,,,,,,,,,,
282,,,,,,,,,0.904215,,0.980663,,,,,,0.9732,,,,,,,,,,,,,
283,,,,,,,,,0.90166,,0.973757,,,,,,0.9509,,,,,,,,,,,,,
284,,,,,,,,,0.900383,,0.970994,,,,,,0.9194,,,,,,,,,,,,,
285,,,,,,,,,0.881226,,0.959945,,,,,,0.8798,,,,,,,,,,,,,
286,,,,,,,,,0.837803,,0.926796,,,,,,0.832,,,,,,,,,,,,,
287,,,,,,,,,0.775223,,0.868785,,,,,,0.7724,,,,,,,,,,,,,
288,,,,,,,,,0.711367,,0.798343,,,,,,0.7004,,,,,,,,,,,,,
289,,,,,,,,,0.659004,,0.734807,,,,,,0.6274,,,,,,,,,,,,,
290,,,,,,,,,0.621967,,0.686464,,,,,,0.5641,,,,,,,,,,,,,
291,,,,,,,,,0.601533,,0.662983,,,,,,0.5128,,,,,,,,,,,,,
292,,,,,,,,,0.568327,,0.640884,,,,,,0.4734,,,,,,,,,,,,,
293,,,,,,,,,0.52235,,0.603591,,,,,,0.4378,,,,,,,,,,,,,
294,,,,,,,,,0.46871,,0.549724,,,,,,0.4033,,,,,,,,,,,,,
295,,,,,,,,,0.416347,,0.495856,,,,,,0.3707,,,,,,,,,,,,,
296,,,,,,,,,0.372925,,0.44337,,,,,,0.3427,,,,,,,,,,,,,
297,,,,,,,,,0.335888,,0.400552,,,,,,0.3166,,,,,,,,,,,,,
298,,,,,,,,,0.305236,,0.36326,,,,,,0.2938,,,,,,,,,,,,,
299,,,,,,,,,0.283525,,0.34116,,,,,,0.2707,,,,,,,,,,,,,
300,0.132,,0.151,,,,,,0.257982,,0.316298,,,,,,0.2491,,,,,,,,,,,,0.03321,
301,0.118,,0.139,,,,,,0.233716,,0.292818,,,,,,0.2265,,,,,,,,,,,,0.04201,
302,0.106,,0.13,,,,,,0.213282,,0.272099,,,,,0.21611699461937,0.206,,,,,,,,,,,,0.04835,
303,0.104,,0.122,,,,,,0.196679,,0.255525,,,,,0.19547499716282,0.1863,,,,,,,,,,,,0.05158,
304,0.13,,0.115,,,,,,0.181354,,0.23895,,,,,0.17657800018787,0.1683,,,,,,,,,,,,0.0519,
305,0.163,,0.11,,,,,,0.168582,,0.226519,,,,,0.16015200316906,0.1526,,,,,,,,,,,,0.05026,
306,0.161,,0.107,,,,,,0.154534,,0.214088,,,,,0.14678199589252,0.1399,,,,,,,,,,,,0.04792,
307,0.11,,0.105,,,,,,0.144317,,0.20442,,,,,0.13547000288963,0.1291,,,,,,,,,,,,0.04602,
308,0.067,,0.105,,,,,,0.135377,,0.196133,,,,,0.1275260001421,0.1215,,,,,,,,,,,,0.0453,
309,0.057,,0.107,,,,,,0.127714,,0.190608,,,,,0.1183469966054,0.1128,,,,,,,,,,,,0.04595,
310,0.055,,0.11,,,,,,0.122605,,0.183702,,,,,0.11231499910355,0.107,,,0.065295487642288,,,,,,,,,0.04769,
311,0.054,,0.113,,,,,,0.117497,,0.180939,,,,,0.10750599950552,0.1024,,,0.06835925579071,,,,,,,,,0.05005,
312,0.054,,0.117,,,,,,0.114943,,0.176796,,,,,0.10149600356817,0.0967,,,0.068507000803947,,,,,,,,,0.05254,
313,0.055,,0.12,,,,,,0.111111,,0.175414,,,,,0.097154803574085,0.0926,,,0.069463454186916,,,,,,,,,0.05487,
314,0.054,,0.123,,,,,,0.111111,,0.174033,,,,,0.093724697828293,0.0893,,,0.07139191031456,,,,,,,,,0.0569,
315,0.056,,0.126,,,,,,0.111111,,0.172652,,,,,0.091232903301716,0.0869,,,0.073506996035576,,,,,,,,,0.05861,
316,0.058,,0.128,,,,,,0.111111,,0.171271,,,,,0.087426997721195,0.0833,,,0.075342148542404,,,,,,,,,0.06007,
317,0.06,,0.132,,,,,,0.111111,,0.171271,,,,,0.084173902869225,0.0802,,,0.076259717345238,,,,,,,,,0.06133,
318,0.063,,0.135,,,,,,0.112388,,0.171271,,,,,0.082320101559162,0.0784,,,0.077993780374527,,,,,,,,,0.06247,
319,0.066,,0.139,,,,,,0.113665,,0.174033,,,,,0.079951502382755,0.0762,,,0.079393468797207,,,,,,,,,0.06364,
320,0.071,,0.143,,,,,,0.114943,,0.174033,,,,,0.078721903264523,0.075,,,0.081415243446827,,,,,,,,,0.06499,
321,0.075,,0.148,,,,,,0.118774,,0.175414,,0.525157449,,,0.076588399708271,0.073,,,0.083203732967377,,,,,,,,,0.06677,
322,0.081,,0.154,,,,,,0.120051,,0.176796,,0.530652275,,,0.073626302182674,0.0702,,,0.086003109812737,,,,,,,,,0.0691,
323,0.086,,0.161,,,,,,0.120051,,0.178177,,0.537027122,,,0.073278702795506,0.0698,,,0.088258162140846,,,,,,,,,0.07203,
324,0.092,,0.168,,,,,,0.123883,,0.178177,,0.544441028,,,0.072136603295803,0.0687,,,0.091912910342216,,,,,,,,,0.07544,
325,0.098,,0.175,,,,,,0.126437,,0.180939,,0.552817125,,,0.070828303694725,0.0675,,,0.094556763768196,,,,,,,,,0.07915,
326,0.104,,0.18,,,,,,0.130268,,0.183702,,0.562666992,,,0.068530596792698,0.0653,,,0.096034213900566,,,,,,,,,0.08296,
327,0.108,,0.183,,,,,,0.131545,,0.186464,,0.574427987,,,0.067519702017307,0.0643,,,0.097356140613556,,,,,,,,,0.08675,
328,0.115,,0.184,,,,,,0.135377,,0.185083,,0.587286357,,,0.067424699664116,0.0642,,,0.099066875874996,,,,,,,,,0.09055,
329,0.119,,0.182,,,,,,0.136654,,0.186464,,0.601350778,,,0.064894303679466,0.0618,,,0.099844478070736,,,,,,,,,0.09446,
330,0.124,,0.176,,,,,,0.139208,,0.189227,,0.616387994,,,0.063914097845554,0.0609,,,0.10015551745892,,,,,,,,,0.09869,
331,0.129,,0.169,,,,,,0.141762,,0.190608,,0.632649816,,,0.063661597669125,0.0607,,,0.098600313067436,,,,,,,,,0.10347,
332,0.134,,0.158,,,,,,0.146871,,0.19337,,0.649574303,,,0.061028901487589,0.0582,,,0.096034213900566,,,,,,,,,0.10897,
333,0.138,,0.146,,,,,,0.149425,,0.197514,,0.666535901,,,0.06149610131979,0.0586,,,0.094167962670326,,,,,,,,,0.11532,
334,0.144,,0.134,,,,,,0.150702,,0.198895,,0.683783769,,,0.06178380176425,0.0589,,,0.090902023017406,,,,,,,,,0.1226,
335,0.151,,0.122,,,,,,0.154534,,0.201657,,0.700541266,,,0.059807199984789,0.057,,,0.087947122752666,,,,,,,,,0.13075,
336,0.159,,0.112,,,,,,0.159642,,0.205801,,0.717115866,,,0.060264598578215,0.0574,,,0.085692070424557,,,,,,,,,0.13964,
337,0.169,,0.103,,,,,,0.162197,,0.209945,,0.733141779,,,0.060860298573971,0.058,,,0.080715395510197,,,,,,,,,0.149,
338,0.178,,0.094,,,,,,0.167305,,0.214088,,0.748425506,,,0.059192501008511,0.0564,,,0.077083982527256,,,,,,,,,0.15861,
339,0.191,,0.086,,,,,,0.167305,,0.216851,,0.763346092,,,0.059606101363897,0.0568,,,0.074945569038391,,,,,,,,,0.16835,
340,0.2,,0.08,,,,,,0.172414,,0.218232,,0.777535095,,,0.060377601534128,0.0575,,,0.071057543158531,,,,,,,,,0.17835,
341,0.213,,0.074,,,,,,0.171137,,0.218232,,0.804150409,,,0.059562798589468,0.0568,,,0.067651629447937,,,,,,,,,0.18902,
342,0.22,,0.069,,,,,,0.168582,,0.216851,,0.81912931,,,0.059702001512051,0.0569,,,0.062993779778481,,,,,,,,,0.20089,
343,0.227,,0.065,,,,,,0.166028,,0.214088,,0.833885555,,,0.059992000460625,0.0572,,,0.05972783640027,,,,,,,,,0.21447,
344,0.228,,0.062,,,,,,0.16092,,0.208564,,0.849421095,,,0.060173001140356,0.0573,,,0.056104198098183,,,,,,,,,0.22997,
345,0.225,,0.058,,,,,,0.155811,,0.20442,,0.865672314,,,0.061367198824883,0.0585,,,0.052931569516659,,,,,,,,,0.24713,
346,0.217,,0.056,,,,,,0.149425,,0.196133,,0.882464269,,,0.061844501644373,0.0589,,,0.050723172724247,,,,,,,,,0.26528,
347,0.207,,0.053,,,,,,0.145594,,0.187845,,0.899028267,,,0.061554398387671,0.0587,,,0.048211507499218,,,,,,,,,0.28358,
348,0.194,,0.051,,,,,,0.137931,,0.183702,,0.915997816,,,0.061534199863672,0.0586,,,0.045155521482229,,,,,,,,,0.30132,
349,0.181,,0.049,,,,,,0.132822,,0.176796,,0.932914352,,,0.061190199106932,0.0583,,,0.043615862727165,,,,,,,,,0.31821,
350,0.17,,0.047,,,,,,0.127714,,0.16989,,0.949101955,,,0.062552399933338,0.0596,,,0.040684290230274,,,,,,,,,0.33443,
351,0.158,,0.045,,,,,,0.122605,,0.164365,,0.96413652,,,0.062164198607206,0.0592,,,0.037830483168364,,,,,,,,,0.35055,
352,0.15,,0.043,,,,,,0.120051,,0.160221,,0.97759394,,,0.06523360311985,0.0622,,,0.035878695547581,,,,,,,,,0.3672,
353,0.141,,0.041,,,,,,0.114943,,0.156077,,0.988029603,,,0.070596501231194,0.0673,,,0.033810265362263,,,,,,,,,0.38491,
354,0.136,,0.039,,,,,,0.111111,,0.151934,,0.995173141,,,0.068077497184277,0.0649,,,0.03193623572588,,,,,,,,,0.40394,
355,0.132,,0.036,,,,,,0.108557,,0.149171,,0.99911998,,,0.068477801978588,0.0653,,,0.029976671561599,,,,,,,,,0.42454,
356,0.129,,0.034,,,,,,0.106003,,0.146409,,1,,,0.070982798933983,0.0676,,,0.028063764795661,,,,,,,,,0.44702,
357,0.126,,0.032,,,,,,0.103448,,0.146409,,0.998571292,,,0.074026003479958,0.0705,,,0.025956453755498,,,,,,,,,0.47203,
358,0.125,,0.03,,,,,,0.102171,,0.142265,,0.995674117,,,0.075878597795963,0.0723,,,0.024354588240385,,,,,,,,,0.50044,
359,0.124,,0.028,,,,,,0.0996169,,0.139503,,0.991928729,,,0.077827103435993,0.0742,,,0.023040434345603,,,,,,,,,0.53292,
360,0.123,,0.026,,,,,,0.0983397,,0.139503,,0.988673714,,,0.078465603291988,0.0748,,,0.021306376904249,,,,,,,,,0.56958,
361,0.123,,0.024,,,,,,0.0945083,,0.13674,,0.985514123,,,0.081956498324871,0.0781,,,0.01980559900403,,,,,,,,,0.60956,
362,0.122,,0.022,,,,,,0.0932312,,0.133978,,0.982701769,,,0.082751698791981,0.0789,,,0.018335925415158,,,,,,,,,0.65104,
363,0.122,,0.02,,,,,,0.0906769,,0.132597,,0.980366534,,,0.085198201239109,0.0812,,,0.016881804913282,,,,,,,,,0.69161,
364,0.121,,0.019,,,,,,0.0868455,,0.132597,,0.978487213,,,0.089374899864197,0.0852,,,0.015816485509276,,,,,,,,,0.72892,
365,0.12,,0.018,,,,,,0.0868455,,0.132597,,0.977002842,,,0.091982401907444,0.0877,,,0.014370139688253,,,,,,,,,0.76129,
366,0.12,,0.017,,,,,,0.0868455,,0.131215,,0.97527991,,,0.094973802566528,0.0905,,,0.013880249112844,,,,,,,,,0.78806,
367,0.119,,0.016,,,,,,0.083014,,0.131215,,0.973013593,,,0.099439598619938,0.0948,,,0.012830481864512,,,,,,,,,0.80957,
368,0.118,,0.015,,,,,,0.0791826,,0.128453,,0.970243649,,,0.10097700357437,0.0962,,,0.012115086428821,,,,,,,,,0.82673,
369,0.116,,0.015,,,,,,0.0791826,,0.127072,,0.965891259,,,0.10626900196075,0.1013,,,0.011461896821856,,,,,,,,,0.84059,
370,0.115,,0.014,,,,,,0.0766284,,0.124309,,0.958951822,,,0.11031799763441,0.1051,,,0.010692068375647,,,,,,,,,0.85196,
371,0.114,,0.013,,,,,,0.0727969,,0.122928,,0.939130158,,,0.11556799709797,0.1101,,,0.009626749902964,,,,,,,,,0.86148,
372,0.112,,0.012,,,,,,0.0715198,,0.122928,,0.920257432,,,0.11976499855518,0.1141,,,0.009020217694342,,,,,,,,,0.86977,
373,0.111,,0.012,,,,,,0.0676884,,0.120166,,0.895622164,,,0.12482599914074,0.119,,,0.008662519045174,,,,,,,,,0.87768,
374,0.109,,0.011,,,,,,0.063857,,0.118785,,0.865865813,,,0.13058899343014,0.1244,,,0.007626750040799,,,,,,,,,0.88633,
375,0.105,,0.01,,,,,,0.0613027,,0.116022,,0.832279253,,,0.13741500675678,0.131,,,0.007167185191065,,,,,,,,,0.89683,
376,0.103,,0.009,,,,,,0.0600255,,0.114641,,0.796572162,,,0.14314399659634,0.1364,,,0.006581649184227,,,,,,,,,0.90982,
377,0.1,,0.008,,,,,,0.0561941,,0.114641,,0.760475423,,,0.15119099617004,0.1441,,,0.0060552097857,,,,,,,,,0.92511,
378,0.098,,0.007,,,,,,0.054917,,0.111878,,0.725481361,,,0.15755499899387,0.1502,,,0.005583203863353,,,,,,,,,0.94159,
379,0.094,,0.006,,,,,,0.0523627,,0.110497,,0.692777471,,,0.16659100353718,0.1588,,,0.004883359186351,,,,,,,,,0.95762,
380,0.09,,0.005,,,,,,0.0510856,,0.110497,,0.66285943,,,0.17413599789143,0.166,,,0.004502332769334,,,,,,,,,0.97156,
381,0.087,,0.004,,,,,,0.0485313,,0.110497,,0.635875673,,,0.18234600126743,0.1738,,,0.004200621973723,,,,,,,,,0.98247,
382,0.082,,0.004,,,,,,0.0472541,,0.107735,,0.611439204,,,0.19116500020027,0.1822,,,0.003678848966956,,,,,,,,,0.99021,
383,0.079,,0.003,,,,,,0.0446999,,0.107735,,0.589001336,,,0.2007610052824,0.1913,,,0.003281492972747,,,,,,,,,0.99536,
384,0.076,,0.003,,,,,,0.0434227,,0.106354,,0.568246639,,,0.20981499552727,0.2,,,0.003342923941091,,,,,,,,,0.99855,
385,0.071,,0.002,,,,,,0.0421456,,0.106354,,0.548976314,,,0.21920199692249,0.2089,,,0.003355365013704,,,,,,,,,1,
386,0.067,,0.002,,,,,,0.0395913,,0.104972,,0.531002163,,,0.23038899898529,0.2196,,,0.002948678098619,,,,,,,,,0.99918,
387,0.064,,0.002,,,,,,0.037037,,0.103591,,0.513894779,,,0.24120700359344,0.2299,,,0.00290202209726,,,,,,,,,0.99512,
388,0.06,,0.002,,,,,,0.037037,,0.103591,,0.497025955,,,0.25057101249695,0.2388,,,0.002681181998923,,,,,,,,,0.987,
389,0.057,,0.002,,,,,,0.0344828,,0.10221,,0.479907969,,,0.26198101043701,0.2497,,,0.002640746999532,,,,,,,,,0.97473,
390,0.055,,0.001,,,,,,0.0319285,,0.0994475,,0.461777429,0.205912477,,0.27299499511719,0.2602,,,0.002978227101266,,,,,,,,,0.9593,
391,0.052,,0.001,,,,,,0.0293742,,0.0994475,,0.441001527,0.243296089,,0.28566500544548,0.2722,,,0.002605753950775,,,,,,,,,0.94246,
392,0.05,,0.001,,,,,,0.0280971,,0.0966851,,0.416657831,0.284590317,,0.2984139919281,0.2844,,,0.002664075000212,,,,,,,,,0.92595,
393,0.046,,0.001,,,,,,0.0268199,,0.0953039,,0.388287777,0.327886406,,0.31103399395943,0.2964,,,0.00280248792842,,,,,,,,,0.91075,
394,0.045,,0.001,,,,,,0.0242656,,0.0953039,,0.355928474,0.364851024,,0.32480299472809,0.3095,,,0.00271306396462,,,,,,,,,0.89649,
395,0.042,,0.001,,,,,,0.0229885,,0.0953039,,0.320507655,0.406657356,,0.33924600481987,0.3233,,,0.002860031090677,,,,,,,,,0.88162,
396,0.04,,0.002,,,,,,0.0217114,,0.0925414,,0.28334535,0.445204842,,0.35351100564003,0.3369,,,0.002664075000212,,,,,,,,,0.86415,
397,0.039,,0.002,,,,,,0.0204342,,0.0911602,,0.247007401,0.484171322,,0.36945098638535,0.3521,,,0.002524106064811,,,,,,,,,0.84259,
398,0.036,,0.002,,,,,,0.0204342,,0.089779,,0.213229993,0.516294227,,0.38526299595833,0.3672,,,0.002788491081446,,,,,,,,,0.81685,
399,0.033,,0.002,,,,,,0.0191571,,0.089779,,0.183123754,0.547486034,,0.40201199054718,0.3831,,,0.002719284966588,,,,,,,,,0.78843,
400,0.031,,0.002,,,,,,0.01788,,0.0883978,,0.15730894,0.581005587,,0.41905999183655,0.3994,,,0.003137635998428,,,,0.002592439996079,,,,,0.75995,0.02508
401,0.029,,0.002,,,,,,0.0166028,,0.0870166,,0.136811358,0.607541899,,0.43625000119209,0.4158,,,0.002895801095292,,,,0.002174010034651,,,,,0.73417,0.02624
402,0.027,,0.002,,,,,,0.0166028,,0.0856354,,0.120342784,0.618249534,,0.45485201478004,0.4335,,,0.003092535072938,,,,0.001978470012546,,,,,0.71298,0.03451
403,0.025,,0.002,,,,,,0.0166028,,0.0856354,,0.107590441,0.636871508,,0.4726519882679,0.4504,,,0.003272162051871,,,,0.002023889916018,,,,,0.69664,0.04244
404,0.022,,0.002,,,,,,0.0153257,,0.0856354,,0.09784395,0.649441341,,0.49032500386238,0.4673,,,0.003465007990599,,,,0.002116960007697,,,,,0.68377,0.05617
405,0.02,,0.002,,,,,,0.0140485,,0.0842541,,0.090289559,0.661545624,,0.50900000333786,0.4851,,,0.003391912905499,,,,0.001967340009287,,,,,0.67184,0.06825
406,0.017,,0.003,,,,,,0.0140485,,0.0828729,,0.084460749,0.667132216,,0.52658599615097,0.5018,,,0.003808709094301,,,,0.002008320065215,,,,,0.65791,0.08885
407,0.016,,0.003,,,,,,0.0153257,,0.0828729,,0.079837991,0.67877095,,0.54459500312805,0.519,,,0.003780714934692,,,,0.001937279943377,,,,,0.63955,0.10863
408,0.013,,0.003,,,,,,0.0153257,,0.0828729,,0.076291403,0.696927374,,0.56247001886368,0.536,,,0.003734058933333,,,,0.002101759891957,,,,,0.61524,0.13706
409,0.012,,0.003,,,,,,0.0140485,,0.0828729,,0.073285551,0.720204842,,0.57973599433899,0.5525,,,0.00392690487206,,,,0.002190439961851,,,,,0.58448,0.17296
410,0.01,,0.003,,,,,,0.0140485,,0.0814917,,0.070902604,0.72858473,,0.59653097391129,0.5685,,,0.003883359022439,,,,0.002070819959045,,,,,0.54767,0.20179
411,0.009,,0.003,,,,,,0.0140485,,0.0814917,,,0.749534451,,0.61359298229218,0.5848,,,0.004431570880115,,,,0.001986169954762,,,,,0.50569,0.24194
412,0.007,,0.004,,,,,,0.0140485,,0.0787293,,,0.764897579,,0.62968897819519,0.6001,,,0.004108087159693,,,,0.001769530004822,,,,,0.45977,0.28845
413,0.007,,0.004,,,,,,0.0140485,,0.0787293,,,0.784450652,,0.64747798442841,0.6171,,,0.004479782190174,,,,0.001925020013005,,,,,0.41136,0.32943
414,0.006,,0.004,,,,,,0.0140485,,0.0787293,,,0.80726257,,0.66334599256516,0.6322,,,0.004937014076859,,,,0.001810380024836,,,,,0.36203,0.37465
415,0.005,,0.004,,,,,,0.0140485,,0.0787293,,,0.831936685,,0.680330991745,0.6484,,,0.004597978200764,,,,0.00202227011323,,,,,0.31355,0.40846
416,0.004,,0.005,,,,,,0.0140485,,0.0787293,,,0.853817505,,0.69762402772903,0.6648,,,0.005042768083513,,,,0.002130859997124,,,,,0.2676,0.44625
417,0.004,,0.005,,,,,,0.0140485,,0.0787293,,,0.875698324,,0.71613401174545,0.6825,,,0.005256609991193,,,,0.001908560050651,,,,,0.22572,0.49021
418,0.004,,0.005,,,,,,0.0140485,,0.0773481,,,0.898510242,,0.73457002639771,0.7001,,,0.005783826112747,,,,0.002133050002158,,,,,0.18892,0.52923
419,0.003,,0.006,,,,,,0.0140485,,0.0759668,,,0.92132216,,0.75408399105072,0.7187,,,0.00586858484894,,,,0.001820689998567,,,,,0.15764,0.56685
420,0.003,,0.006,,,,,,0.0153257,,0.0745856,,,0.927374302,,0.77244597673416,0.7362,,,0.005991445854306,,,,0.001887509948574,,,,,0.13165,0.59157
421,0.003,,0.006,,,,,,0.0140485,,0.0745856,,,0.959031657,,0.79325997829437,0.756,,,0.006419906858355,,,,0.001883359975182,,,,,0.11029,0.61135
422,0.003,,0.007,,,,,,0.0140485,,0.0745856,,,0.973929236,,0.81337302923203,0.7752,,,0.006669518072158,,,,0.002015179954469,0.0287,,,,0.09265,0.63587
423,0.003,,0.007,,,,,,0.0153257,,0.0745856,,,0.982309125,,0.83404397964478,0.7949,,,0.007002333179116,,,,0.002042930107564,0.0301,,,,0.07789,0.64821
424,0.003,,0.008,,,,,,0.0166028,,0.0745856,,,0.980912477,,0.85531002283096,0.8151,,,0.007333592977375,,,,0.001937599969097,0.032,,,,0.06529,0.65919
425,0.003,,0.008,,,,,,0.0166028,,0.0745856,,,0.993482309,,0.87598502635956,0.8348,,,0.007512441836298,,,,0.001959270099178,0.0335,,,,0.05441,0.66732
426,0.003,,0.008,,,,,,0.0166028,,0.0732044,,,1,,0.89565300941467,0.8536,,,0.007908242754638,,,,0.002115729963407,0.0353,,,,0.045,0.69204
427,0.003,,0.009,,,,,,0.0166028,,0.0732044,,,0.989757914,,0.91559499502182,0.8726,,,0.008468117564917,,,,0.002289490075782,0.0367,,,,0.03693,0.67528
428,0.003,,0.009,,,,,,0.01788,,0.0732044,,,0.981843575,,0.9332720041275,0.8894,,,0.009043546393514,,,,0.002125520026311,0.0389,,,,0.03011,0.70149
429,0.003,,0.01,,,,,,0.01788,,0.0732044,,,0.984171322,,0.94913697242737,0.9046,,,0.00984447915107,,,,0.002290630014613,0.0407,,,,0.02448,0.69399
430,0.004,,0.011,,,,,,0.01788,,0.0732044,,,0.988826816,,0.96471297740936,0.9194,,,0.010171072557569,,,,0.002560779917985,0.0428,,,,0.01992,0.70096
431,0.004,,0.011,,,,,,0.01788,,0.0732044,,,0.986499069,,0.97643601894379,0.9306,,,0.010878694243729,,,,0.002583069959655,0.0447,,,,0.01634,0.70109
432,0.004,,0.012,,,,,,0.01788,,0.0732044,,,0.968808194,,0.98645198345184,0.9401,,,0.011384136974812,,,,0.002394089940935,0.0468,,,,0.0136,0.70229
433,0.004,,0.013,,,,,,0.01788,,0.0732044,,,0.962290503,,0.9937350153923,0.947,,,0.012091756798327,,,,0.002727200044319,0.0484,,,,0.01156,0.71758
434,0.005,,0.014,,,,,,0.0191571,,0.0732044,,,0.965549348,,0.99808299541473,0.9512,,,0.01244167983532,,,,0.002982700010762,0.0499,,,,0.01005,0.74542
435,0.005,,0.015,,,,,,0.0204342,,0.0732044,,,0.967411546,,1,0.953,0.0044,,0.013437014073133,,,,0.002934090094641,0.0522,,,,0.00891,0.76546
436,0.005,,0.016,,,,,,0.0204342,,0.0732044,,,0.953445065,,0.99973797798157,0.9528,0.0056,,0.01416796259582,,,,0.003188309958205,0.0549,,,,0.00799,0.76251
437,0.005,,0.017,,,,,,0.0204342,,0.0732044,,,0.946461825,0.004243589937687,0.99675697088242,0.9499,0.0042,,0.014891134575009,,,,0.003214870113879,0.0577,,,,0.00721,0.79934
438,0.006,,0.018,,,,,,0.0217114,,0.0732044,,,0.936219739,0.004876390099526,0.99355101585388,0.9469,0.0049,,0.015948677435517,,,,0.003516830038279,0.0591,,,,0.0065,0.81334
439,0.006,,0.019,,,,,,0.0217114,,0.0732044,,,0.933891993,0.005108859855682,0.98954701423645,0.9431,0.0051,,0.016959564760327,,,,0.003631070023403,0.0614,,,,0.00587,0.84303
440,0.006,,0.02,,,,,,0.0217114,,0.0732044,,,0.931564246,0.006501180119813,0.98376697301865,0.9376,0.0065,,0.017923794686794,,,,0.003727559931576,0.0651,,,,0.00531,0.88381
441,0.007,,0.021,,,,,,0.0242656,,0.0745856,,,0.923649907,0.006544040050358,0.97853398323059,0.9326,0.0065,,0.018724728375673,,,,0.003829400055111,0.0698,,,,0.00484,0.88268
442,0.007,,0.023,,,,,,0.0242656,,0.0745856,,,0.924581006,0.007941279560328,0.97316098213196,0.9274,0.0079,,0.019937792792916,,,,0.004161769989878,0.073,,,,0.00444,0.89844
443,0.008,,0.024,,,,,,0.0242656,,0.0745856,,,0.92132216,0.009320800192654,0.96830797195435,0.9228,0.0093,,0.021314151585102,,,,0.00425363983959,0.0754,,,,0.00411,0.91636
444,0.008,,0.025,,,,,,0.0255428,,0.0745856,,,0.917597765,0.011089299805462,0.9648579955101,0.9195,0.0111,,0.022480560466647,,,,0.004388689994812,0.0784,,,,0.00381,0.93845
445,0.009,,0.027,,,,,,0.0255428,,0.0745856,,,0.903631285,0.013027500361204,0.96163898706436,0.9165,0.013,,0.024517884477973,,,,0.004527439828962,0.0815,,,,0.00353,0.94346
446,0.009,,0.028,,,,,,0.0280971,,0.0759668,,,0.895251397,0.015896199271083,0.95998501777649,0.9149,0.0159,,0.025575427338481,,,,0.004983230028302,0.085,,,,0.00328,0.96685
447,0.01,,0.03,,,,,,0.0280971,,0.0759668,,,0.887337058,0.018770199269056,0.95940101146698,0.9143,0.0188,,0.026874028146267,,,,0.005064410157502,0.0881,,,,0.00304,0.98079
448,0.01,,0.032,,,,,,0.0293742,,0.0773481,,,0.88594041,0.022979699075222,0.95975399017334,0.9147,0.023,,0.028514774516225,,,,0.005405589938164,0.0921,,,,0.00284,1
449,0.011,,0.034,,,,,,0.0306513,,0.0787293,,,0.866852886,0.029413899406791,0.96027499437332,0.9152,0.0294,,0.029354587197304,,,,0.005352349951863,0.0954,,,,0.00265,0.96997
450,0.012,,0.035,,0.1186458,,,,0.0319285,,0.0787293,,,0.849627561,0.035043198615313,0.96165901422501,0.9165,0.035,,0.032270606607199,,,,0.005550339818001,0.0994,,,,0.00249,0.95269
451,0.012,,0.037,,0.1227806,,,,0.0332056,,0.0787293,,,0.838919926,0.043268200010061,0.96198499202728,0.9168,0.0433,,0.032853808254004,,,,0.006223959848285,0.1026,,,,0.00232,0.94224
452,0.013,,0.039,,0.1280845,,,,0.0357599,,0.0801105,,,0.824022346,0.053907800465822,0.96190398931503,0.9167,0.0539,,0.035155519843102,,,,0.006829820107669,0.1069,,,,0.00216,0.95275
453,0.014,,0.041,,0.1324125,,,,0.0357599,,0.0814917,,,0.810055866,0.066309899091721,0.96000999212265,0.9149,0.0663,,0.036897357553244,,,,0.007350440137088,0.1105,,,,0.002,0.92332
454,0.015,,0.044,,0.1368355,,,,0.037037,,0.0828729,,,0.791433892,0.081666603684425,0.95648097991943,0.9116,0.0817,,0.039401244372129,,,,0.007185409776866,0.1142,,,,0.00187,0.91991
455,0.016,,0.046,,0.1420295,,,,0.0395913,,0.0828729,,,0.776070764,0.10136099904776,0.94940900802612,0.9048,0.1014,,0.040124416351318,,,,0.007815820164979,0.1173,,,,0.00179,0.89754
456,0.016,,0.049,,0.1474354,,,,0.0408685,,0.0842541,,,0.762569832,0.12406799942255,0.940200984478,0.896,0.1241,,0.042247276753187,,,,0.008585509844124,0.1203,,,,0.00174,0.88009
457,0.017,,0.051,,0.1523941,,,,0.0434227,,0.0856354,,,0.738826816,0.1494950056076,0.92598801851273,0.8825,0.1495,,0.044758941978216,,,,0.009129550307989,0.1239,,,,0.00174,0.86659
458,0.018,,0.054,,0.156987,,,,0.0446999,,0.0870166,,,0.724394786,0.17927999794483,0.90799498558044,0.8653,0.1793,,0.046772938221693,,,,0.009538790211082,0.1279,,,,0.00177,0.83942
459,0.02,,0.057,,0.1622,,,,0.0472541,,0.0883978,,,0.703445065,0.21440899372101,0.88509702682495,0.8435,0.2144,,0.049587868154049,,,,0.01018219999969,0.1321,,,,0.00182,0.81125
460,0.021,,0.06,,0.1684377,,,,0.0485313,,0.089779,,,0.687616387,0.25897198915482,0.85734802484512,0.8171,0.259,,0.051640745252371,,,,0.00991837028414,0.1349,,,,0.00189,0.80494
461,0.022,,0.063,,0.1759329,,,,0.0510856,,0.0911602,,,0.665735568,0.30487099289894,0.82482302188873,0.7861,0.3049,,0.055528771132231,,,,0.010997800156474,0.1384,,,,0.00197,0.78517
462,0.023,,0.067,,0.1822611,,,,0.0523627,,0.0925414,,,0.64990689,0.35870799422264,0.78839999437332,0.7514,0.3587,,0.057534992694855,,,,0.011012700386345,0.1429,,,,0.00207,0.75975
463,0.025,,0.07,,0.185762,,,,0.054917,,0.0939227,,,0.62849162,0.41736999154091,0.74700999259949,0.7119,0.4174,,0.060225505381823,,,,0.01133169978857,0.1484,,,,0.00219,0.75614
464,0.025,,0.074,,0.1909081,,,,0.0561941,,0.0953039,,,0.608938547,0.4752199947834,0.70265901088715,0.6696,0.4752,,0.063802488148212,,,,0.012575100176036,0.1539,,,,0.0023,0.7434
465,0.027,,0.079,,0.1972351,,,,0.0587484,,0.0980663,,,0.591247672,0.53663301467896,0.65582901239395,0.625,0.5366,,0.066920682787895,,,,0.013810499571264,0.1598,,,,0.00241,0.73056
466,0.029,,0.083,,0.2100846,,,,0.0625798,,0.0980663,,,0.576815642,0.60041701793671,0.6083419919014,0.5798,0.6004,,0.070800930261612,,,,0.014544200152159,0.1663,,,,0.00251,0.70654
467,0.03,,0.087,,0.2172677,,,,0.0625798,,0.10221,,,0.554934823,0.66543698310852,0.55949902534485,0.5332,0.6654,,0.075342148542404,,,,0.015369200147688,0.173,,,,0.00258,0.72057
468,0.031,,0.091,,0.220707,,,,0.0664112,,0.10221,,,0.53538175,0.73046100139618,0.51194697618484,0.4879,0.7305,,0.078382581472397,,,,0.016803000122309,0.1801,,,,,0.69326
469,0.033,,0.096,,0.227807,,,,0.0676884,,0.103591,,,0.522811918,0.78492099046707,0.46554699540138,0.4437,0.7849,,0.082192845642567,,,,0.017667299136519,0.1873,,,,,0.6852
470,0.034,,0.102,,0.2348217,,,,0.0702427,,0.106354,,,0.507914339,0.84139198064804,0.42118000984192,0.4014,0.8414,,0.086391910910606,,,,0.018758699297905,0.1945,,,,,0.66977
471,0.036,,0.107,,0.2408371,,,,0.0715198,,0.107735,,,0.493482309,0.89136302471161,0.37874698638916,0.361,0.8914,,0.090513221919537,,,,0.020225899294019,0.2016,,,,,0.65906
472,0.038,,0.114,,0.2507091,,,,0.0740741,,0.110497,,,0.475325885,0.93039298057556,0.33996599912643,0.324,0.9304,,0.094945564866066,,,,0.02146489918232,0.2086,,,,,0.66954
473,0.039,,0.118,,0.258222,,,,0.0779055,,0.11326,,,0.463407821,0.95882397890091,0.30433401465416,0.29,0.9588,,0.10163296759129,,,,0.023564899340272,0.2152,,,,,0.64632
474,0.041,,0.122,,0.2646301,,,,0.0791826,,0.116022,,,0.448184358,0.97072601318359,0.27206799387932,0.2593,0.9707,,0.10544323176146,,,,0.024177700281143,0.2215,,,,,0.64519
475,0.042,,0.129,,0.2737851,,,,0.0817369,,0.117403,,,0.439664804,0.99464702606201,0.24252299964428,0.2311,0.9946,,0.10847589373589,,,,0.026422999799252,0.2273,,,,,0.64993
476,0.044,,0.134,,0.280252,,,,0.0855683,,0.121547,,,0.420903166,0.9966179728508,0.21678100526333,0.2066,0.9966,,0.11368584632874,0.0376,,,0.028746899217367,0.2324,,,,,0.63026
477,0.046,,0.139,,0.2866881,,,,0.0893997,,0.122928,,,0.414292365,1,0.19328199326992,0.1842,1,,0.11858475953341,0.0405,,,0.030500400811434,0.2368,,,,,0.61881
478,0.049,,0.144,,0.2937617,,,,0.0932312,,0.127072,,,0.405493482,0.99288302659988,0.17250999808311,0.1644,0.9929,,0.12387247383595,0.0411,,,0.031562998890877,0.2405,,,,,0.61075
479,0.05,,0.149,,0.300781,,,,0.0970626,,0.129834,,,0.392318436,0.98566097021103,0.1550949960947,0.1478,0.9857,,0.12884914875031,0.0434,,,0.03366469964385,0.2429,,,,,0.60309
480,0.053,,0.153,,0.3076321,,,,0.100894,,0.135359,,,0.381005587,0.96826100349426,0.13817800581455,0.1317,0.9683,,0.13320372998714,0.0464,,,0.037583898752928,0.2444,,,,,0.59794
481,0.056,,0.157,,0.3115055,,,,0.104725,,0.140884,,,0.371741155,0.95271098613739,0.12362000346184,0.1178,0.9527,,0.13748055696487,0.0476,,,0.042100198566914,0.2461,,,,,0.5854
482,0.058,,0.162,,0.3172041,,,,0.109834,,0.145028,,,0.365875233,0.93674498796463,0.1107660010457,0.1056,0.9367,,0.14245723187923,0.0499,,,0.043894201517105,0.2488,,,,,0.58686
483,0.061,,0.167,,0.3215662,,,,0.11622,,0.149171,,,0.35735568,0.92047500610352,0.099044397473335,0.0944,0.9205,,0.14650078117847,0.0523,,,0.044874098151922,0.2524,,,,,0.56473
484,0.063,,0.171,,0.326089,,,,0.120051,,0.153315,,,0.348556797,0.90571397542953,0.088509999215603,0.0844,0.9057,,0.15046656131744,0.054,,,0.044815398752689,0.2556,,,,,0.55036
485,0.066,,0.177,,0.3294132,0.0120113,,,0.126437,,0.15884,,,0.340502793,0.89585697650909,0.078929401934147,0.0752,0.8958,,0.15824261307716,0.057,,,0.046783998608589,0.2592,,,,,0.53922
486,0.069,,0.183,,0.3321277,0.01321718,,,0.131545,,0.162983,,,0.332821229,0.88337999582291,0.070016801357269,0.0667,0.8834,,0.16353031992912,0.0602,,,0.046416699886322,0.2627,,,,,0.5216
487,0.073,,0.188,,0.3330888,0.01496179,,,0.137931,,0.168508,,,0.323370577,0.87488102912903,0.061437100172043,0.0586,0.8749,,0.1705287694931,0.0643,,,0.047163300216198,0.2676,,,,,0.51646
488,0.076,,0.196,,0.3371239,0.01692971,,,0.14304,,0.174033,,,0.318715084,0.86765998601913,0.054047498852015,0.0515,0.8676,,0.17822706699371,0.0676,,,0.05156460031867,0.2715,,,,,0.49326
489,0.081,,0.202,,0.3387559,0.01869665,,,0.150702,,0.179558,,,0.312756052,0.85860097408295,0.047563500702381,0.0453,0.8586,,0.18740279972553,0.0707,,,0.052685000002384,0.2762,,,,,0.48029
490,0.084,,0.21,,0.3429846,0.02074273,,,0.155811,,0.183702,,,0.305307263,0.85212600231171,0.042002998292446,0.04,0.8521,,0.19611197710037,0.0736,,,0.055741000920534,0.2799,,,,,0.48285
491,0.089,,0.219,,0.349514,0.02292559,,,0.162197,,0.189227,,,0.297486034,0.85568499565125,0.037138801068068,0.0354,0.8557,,0.20536547899246,0.0773,,,0.058199100196362,0.2853,,,,,0.46218
492,0.093,,0.225,,0.3533182,0.02488234,,,0.167305,,0.19337,,,0.292271881,0.86167401075363,0.032648600637913,0.0311,0.8617,,0.21679626405239,0.0813,,,0.05947620049119,0.2897,,,,,0.45282
493,0.097,,0.234,,0.3565467,0.02712382,,,0.173691,,0.200276,,,0.28179702,0.86037802696228,0.027666399255395,0.0264,0.8604,,0.22783826291561,0.0861,,,0.062872298061848,0.2952,,,,,0.42674
494,0.101,,0.245,,0.3602087,0.02964443,,,0.177522,,0.205801,,,0.275465549,0.86550498008728,0.024779699742794,0.0236,0.8655,,0.23825816810131,0.0898,,,0.066637501120567,0.2997,,,,,0.42588
495,0.106,,0.256,,0.3678736,0.03154536,,,0.181354,,0.209945,,,0.265316574,0.87420099973679,0.02168140001595,0.0207,0.8742,,0.25155520439148,0.0948,,,0.06978639960289,0.3053,,,,,0.41019
496,0.112,,0.269,,0.3736607,0.03368077,,,0.185185,,0.214088,,,0.26047486,0.87921297550201,0.018474400043488,0.0176,0.8792,,0.26874026656151,0.1,,,0.076977401971817,0.3105,,,,,0.40109
497,0.117,,0.282,,0.3810813,0.03513787,,,0.189017,,0.219613,,,0.253072626,0.88040000200272,0.01588880084455,0.0151,0.8804,,0.28413686156273,0.1047,,,0.082599900662899,0.3188,,,,,0.40936
498,0.122,,0.296,,0.3895141,0.03689085,,,0.192848,,0.225138,,,0.244134078,0.88728100061417,0.014426100067794,0.0137,0.8873,,0.30046656727791,0.1093,,,0.085850097239017,0.3295,,,,,0.38971
499,0.127,,0.311,,0.397801,0.03799903,,,0.196679,,0.229282,,,0.236173184,0.89522397518158,0.012465200386941,0.0119,0.8952,,0.31998443603516,0.1132,,,0.090137600898743,0.3412,,,,,0.37571
500,0.133,,0.327,,0.4096009,0.03807998,,,0.200511,,0.233425,,,0.228351955,0.89838099479675,0.01163989957422,0.0111,0.8984,,0.34020218253136,0.118,,,0.095199503004551,0.3512,,,,,0.36374
501,0.137,,0.344,,0.4193375,0.03984413,,,0.203065,,0.237569,,,0.220670391,0.90512400865555,,0.0099,0.9051,,0.36166408658028,0.1232,,,0.10201600193977,0.3621,,,,,0.36214
502,0.142,,0.361,,0.4312219,0.03989437,,,0.205619,,0.243094,,,0.212523277,0.9036819934845,,0.009,0.9037,,0.37970450520515,0.1261,,,0.11131200194359,0.3757,,,,,0.36214
503,0.148,,0.378,,0.4430127,0.04065642,,,0.208174,,0.248619,,,0.205400372,0.90416902303696,,0.0078,0.9042,,0.40007776021957,0.1312,,,0.11993200331926,0.3919,,,,,0.34041
504,0.152,,0.395,,0.4547238,0.04135706,,,0.212005,,0.252762,,,0.198556797,0.90373998880386,,0.0083,0.9037,,0.41811820864677,0.1363,,,0.12628699839115,0.409,,,,,0.33185
505,0.159,,0.413,,0.4670944,0.04034937,,,0.215837,,0.259669,,,0.191480447,0.89234399795532,,0.0069,0.8923,,0.43608087301254,0.1427,,,0.13632400333881,0.4265,,,,,0.33726
506,0.164,,0.429,,0.4813282,0.03893972,,,0.219668,,0.265193,,,0.183286778,0.89104402065277,,0.0066,0.891,,0.45513218641281,0.1464,,,0.14550100266933,0.4439,,,,,0.32459
507,0.169,,0.445,,0.4956718,0.03866896,,,0.223499,,0.272099,,,0.178119181,0.871945977211,,0.0062,0.8719,,0.47161743044853,0.1507,,,0.1557500064373,0.4606,,,,,0.31403
508,0.175,,0.459,,0.5108128,0.0382028,,,0.227331,,0.279006,,,0.169506518,0.85989898443222,,0.0059,0.8599,,0.48584759235382,0.1577,,,0.16842199862003,0.4759,,,,,0.30435
509,0.18,,0.472,,0.5245551,0.03724257,,,0.234994,,0.287293,,,0.163919926,0.84541797637939,,0.0055,0.8454,,0.49828925728798,0.1635,,,0.17416100203991,0.4891,,,,,0.30348
510,0.187,,0.483,,0.5377816,0.03653355,,,0.240102,,0.29558,,,0.157728119,0.82781398296356,,0.0058,0.8278,,0.50925350189209,0.1736,,,0.1815779954195,0.5001,,,,,0.28839
511,0.191,,0.491,,0.552569,0.0349341,,,0.247765,,0.305249,,,0.152094972,0.81047201156616,,0.0052,0.8105,,0.51345258951187,0.1795,,,0.19202600419521,0.5096,,,,,0.29051
512,0.198,,0.498,,0.566245,0.03349654,,,0.255428,,0.313536,,,0.146787709,0.78749400377274,,0.0051,0.7875,,0.52115082740784,0.1845,,,0.19919200241566,0.5192,,,,,0.28188
513,0.204,,0.503,,0.5791072,0.0312411,,,0.263091,,0.324586,,,0.139711359,0.76528799533844,,0.0058,0.7653,,0.51905131340027,0.191,,,0.21175000071526,0.5294,,,,,0.27216
514,0.209,,0.506,,0.590035,0.03054326,,,0.273308,,0.335635,,,0.134776536,0.74304497241974,,0.0049,0.743,,0.52239501476288,0.1986,,,0.2172619998455,0.5402,,,,,0.26838
515,0.217,,0.507,,0.5997538,0.03007431,,,0.284802,,0.348066,,,0.129748603,0.7192890048027,,0.005,0.7193,,0.52325040102005,0.2067,,,0.23272900283337,0.5515,,,,,0.2565
516,0.225,,0.508,,0.6110764,0.02805893,,,0.296296,,0.357735,,,0.125698324,0.6950010061264,,0.0047,0.695,,0.51788491010666,0.2107,,,0.24571700394154,0.562,,,,,0.25362
517,0.232,,0.508,,0.6189439,0.02782166,,,0.307791,,0.371547,,,0.121368715,0.67198097705841,,0.0049,0.672,,0.51656299829483,0.2172,,,0.2547670006752,0.5704,,,,,0.2494
518,0.239,,0.506,,0.6261724,0.02561927,,,0.320562,,0.385359,,,0.116527002,0.65291798114777,,0.0045,0.6529,,0.51034212112427,0.2229,,,0.26551300287247,0.5778,,,,,0.24035
519,0.248,,0.505,,0.6346225,0.02486839,,,0.335888,,0.39779,,,0.112150838,0.63169401884079,,0.0042,0.6317,,0.504354596138,0.2332,,,0.2642579972744,0.5866,,,,,0.24157
520,0.257,,0.505,,0.6407209,0.02432407,,,0.349936,,0.412983,,,0.107960894,0.61105400323868,,0.0042,0.611,0.062388818711042,0.50233280658722,0.2408,,,0.26431199908257,0.595,,,,,0.22787
521,0.266,,0.506,,0.6447891,0.02297862,,,0.366539,,0.428177,,,0.103072626,0.59346902370453,,0.0041,0.5935,0.059085134416819,0.50085538625717,0.2478,,,0.2751629948616,0.5999,,,,,0.21961
522,0.275,,0.508,,0.6491809,0.02211051,,,0.380587,,0.440608,,,0.099534451,0.57383000850677,,0.0046,0.5738,0.057136807590723,0.497822701931,0.2607,,,0.28069001436234,0.6017,,,,,0.21861
523,0.284,,0.509,,0.6524941,0.02141824,,,0.395913,,0.455801,,,0.095623836,0.55581897497177,,0.0048,0.5558,0.054891996085644,0.49626749753952,0.2724,,,0.30304101109505,0.6036,,,,,0.21092
524,0.296,,0.515,,0.6556746,0.0209158,,,0.408685,,0.469613,,,0.09273743,0.54122799634933,,0.0047,0.5412,0.053706057369709,0.49961119890213,0.2842,,,0.31856799125671,0.6064,,,,,0.20524
525,0.306,,0.522,,0.6572194,0.02028774,,,0.42401,,0.482044,,,0.088873371,0.52882701158524,,0.0046,0.5288,0.052901312708855,0.50513219833374,0.2943,,,0.33257099986076,0.6085,,,,,0.19715
526,0.32,,0.53,,0.661041,0.01976575,,,0.435504,,0.493094,,,0.085055866,0.51323300600052,,0.0049,0.5132,0.052393052726984,0.50699841976166,0.3049,,,0.34705701470375,0.6109,,,,,0.19708
527,0.331,,0.54,,0.6638288,0.01856546,,,0.446999,,0.504144,,,0.082216015,0.50199598073959,,0.0052,0.502,0.051927149295807,0.51765161752701,0.3138,,,0.35227799415588,0.6136,,,,,0.18597
528,0.346,,0.552,,0.6689101,0.01845938,,,0.458493,,0.515193,,,0.079655493,0.48663601279259,,0.0046,0.4866,0.052562475204468,0.52542769908905,0.3274,,,0.34805700182915,0.6182,,,,,0.18092
529,0.356,,0.566,,0.6735181,0.01844822,,,0.46871,,0.523481,,,0.075744879,0.47505098581314,,0.0046,0.475,0.053451925516129,0.53576982021332,0.3418,,,0.34489899873734,0.6229,,,,,0.17704
530,0.373,,0.582,0.02,0.6785523,0.01717256,,,0.475096,,0.530387,,,0.073091248,0.46527099609375,,0.0044,0.4653,0.055781450122595,0.55248832702637,0.3513,,,0.34761598706245,0.6289,,,,,0.16981
531,0.383,,0.599,0.025,0.6841877,0.01727863,,,0.481481,,0.535912,,,0.069413408,0.45585501194,,0.0035,0.4558,0.058026261627674,0.5668740272522,0.3671,,,0.35206198692322,0.6354,,,,,0.16984
532,0.4,,0.617,0.03,0.6909187,0.01719489,,,0.485313,,0.540055,,,0.066480447,0.4485610127449,,0.0028,0.4486,0.062346462160349,0.5881804227829,0.3796,,,0.36185100674629,0.6455,,,,,0.15813
533,0.414,,0.64,0.037,0.6997514,0.01689342,,,0.489144,,0.546961,,,0.063221601,0.43327501416206,,0.003,0.4333,0.066285468637943,0.6090202331543,0.3905,,,0.3763239979744,0.661,,,,,0.15564
534,0.429,,0.664,0.045,0.7102904,0.01690738,,,0.492976,,0.548343,,,0.061126629,0.42860299348831,,0.0024,0.4286,0.072511650621891,0.63304823637009,0.4022,,,0.39603498578072,0.6825,,,,,0.14944
535,0.442,,0.689,0.056,0.7206086,0.01706369,0.0073993,,0.492976,,0.551105,,,0.058752328,0.4226970076561,,0.0025,0.4227,0.080177888274193,0.66026437282562,0.415,,0.009586960077286,0.41635701060295,0.7045,,0.0006714,,,0.14668
536,0.457,,0.714,0.066,0.7324111,0.01671477,0.0079508,,0.492976,,0.553867,,,0.055772812,0.40993401408195,,0.0027,0.4099,0.089919522404671,0.69043546915054,0.4321,,0.010899400338531,0.42293998599052,0.7216,,0.0008516,,,0.14326
537,0.472,,0.744,0.083,0.7462828,0.01670361,0.0086489,,0.492976,,0.555249,,,0.053445065,0.40192198753357,,0.0027,0.4019,0.10245658457279,0.7204509973526,0.4415,,0.011838699690998,0.44898998737335,0.7323,,0.0011072,,,0.13942
538,0.485,,0.774,0.105,0.7609553,0.01694087,0.0100208,,0.492976,,0.555249,,,0.051024209,0.39517799019814,,0.0027,0.3952,0.1171537488699,0.75373250246048,0.4569,,0.013243800029159,0.48452898859978,0.7405,,0.0016197,,,0.13679
539,0.496,,0.807,0.131,0.7762409,0.01696879,0.0117384,,0.492976,,0.559392,,,0.049208566,0.38459599018097,,0.0029,0.3846,0.13562050461769,0.78771382570267,0.4714,,0.015099399723113,0.53133201599121,0.7484,,0.0023522,,,0.12946
540,0.507,,0.838,0.155,0.7915329,0.01718372,0.0137952,,0.49553,,0.559392,,,0.047020484,0.37830200791359,,0.0034,0.3783,0.15684032440186,0.82503885030746,0.4773,,0.017151599749923,0.56360101699829,0.7574,,0.0033141,,,0.12495
541,0.519,,0.866,0.178,0.8124864,0.01795693,0.0160624,,0.496807,,0.563536,,,0.04481378,0.37226098775864,,0.0034,0.3723,0.18301567435265,0.85925352573395,0.4947,,0.020310400053859,0.59188801050186,0.7699,,0.0044889,,,0.12326
542,0.526,,0.897,0.202,0.8286774,0.01864082,0.0184948,,0.500639,,0.56768,,,0.042462756,0.36216399073601,,0.0045,0.3622,0.21372300386429,0.89191293716431,0.5028,,0.024987099692225,0.60423702001572,0.7886,,0.0058604,,,0.11825
543,0.535,,0.925,0.236,0.8478535,0.01990811,0.0210565,,0.50447,,0.573204,,,0.040470205,0.35404801368713,,0.004,0.354,0.25069886445999,0.92534995079041,0.5144,,0.031256400048733,0.60604697465897,0.8086,,0.0074226,,,0.11344
544,0.546,,0.95,0.276,0.8667336,0.02007559,0.0237443,,0.508301,,0.578729,,,0.038640596,0.34603300690651,,0.0044,0.346,0.28801354765892,0.95023328065872,0.5275,,0.036902401596308,0.62485402822495,0.8328,0.0306,0.0091505,,,0.11108
545,0.553,,0.971,0.322,0.885982,0.02147128,0.0265696,,0.51341,,0.587017,,,0.036959963,0.3390339910984,,0.0044,0.339,0.33608639240265,0.9743390083313,0.5338,,0.042087700217962,0.65299898386002,0.8643,0.0408,0.0110256,,,0.10922
546,0.555,,0.987,0.367,0.9063019,0.02336942,0.0295488,,0.519796,,0.593923,,,0.035418994,0.33083400130272,,0.0044,0.3308,0.38720881938934,0.989113509655,0.5489,,0.051759198307991,0.69826298952103,0.8968,0.0415,0.0130034,,,0.1069
547,0.566,,0.996,0.416,0.9236623,0.0251559,0.0326825,,0.53129,,0.603591,,,0.033500931,0.31608700752258,,0.005,0.3161,0.4404913187027,0.99688959121704,0.5552,,0.06297429651022,0.72767198085785,0.9157,0.0517,0.0150508,,,0.10574
548,0.569,,1,0.473,0.9414325,0.02772676,0.0359594,,0.54023,,0.61326,,,0.031787709,0.31055200099945,,0.0046,0.3106,0.50232952833176,1,0.5628,,0.076735898852348,0.76418900489807,0.9227,0.0625,0.0171026,,,0.10232
549,0.575,,0.995,0.531,0.9563534,0.0303674,0.0393529,,0.554278,,0.627072,,,0.029897579,0.30036300420761,,0.0052,0.3004,0.56586194038391,0.99144631624222,0.5733,,0.092810802161694,0.79399299621582,0.9326,0.0725,0.0191021,,,0.09701
550,0.578,0.001,0.984,0.587,0.9691079,0.03376172,0.0428209,,0.565773,0.011283644,0.639503,0.015925926,,0.02867784,0.29421800374985,,0.0044,0.2942,0.62642949819565,0.9743390083313,0.5795,,0.10858800262213,0.83503001928329,0.9512,0.0886,0.021033,,,0.09754
551,0.583,0.001,0.963,0.645,0.9812265,0.03799903,0.0463116,,0.581098,0.014182195,0.654696,0.018518519,,0.027239292,0.28076499700546,,0.004,0.2808,0.69123250246048,0.94867807626724,0.582,,0.12611599266529,0.89727699756622,0.9731,0.0928,0.0229123,,,0.09227
552,0.587,0.002,0.936,0.697,0.9920992,0.04269692,0.0497784,,0.600255,0.016977226,0.66989,0.021111111,,0.026256983,0.27238100767136,,0.0034,0.2724,0.75476491451263,0.9144634604454,0.5885,,0.14613400399685,0.93405002355576,0.9881,0.118,0.0247613,,,0.08935
553,0.588,0.002,0.899,0.751,0.9975225,0.04933482,0.0531742,,0.618135,0.019772257,0.687845,0.024074074,,0.024902235,0.26737600564957,,0.0029,0.2674,0.81194406747818,0.86858475208282,0.5928,,0.16767400503159,0.96222501993179,0.9948,0.1466,0.0266508,,,0.08713
554,0.594,0.002,0.856,0.803,1,0.05560704,0.056467,,0.63857,0.022774327,0.707182,0.027592593,,0.023687151,0.2583349943161,,0.0024,0.2583,0.86573487520218,0.81804043054581,0.5983,,0.20262199640274,0.98292201757431,0.9967,0.1581,0.028618,,,0.08563
555,0.599,0.003,0.806,0.847,0.9991264,0.06436359,0.0596456,,0.659004,0.026293996,0.727901,0.031851852,,0.022630354,0.24492500722408,,0.0028,0.2449,0.91020750999451,0.76220840215683,0.6054,,0.2358669936657,0.97447800636292,0.9954,0.1786,0.0306597,,,0.08238
556,0.604,0.003,0.755,0.89,0.9961664,0.07334066,0.0627235,,0.683269,0.030538302,0.748619,0.036851852,,0.021680633,0.24052299559116,,0.0024,0.2405,0.94451504945755,0.70318818092346,0.6124,,0.27561300992966,0.98790901899338,0.9928,0.215,0.0327437,,,0.08152
557,0.609,0.004,0.699,0.923,0.9853244,0.08448105,0.0657235,,0.708812,0.035817805,0.770718,0.042962963,,0.020628492,0.2308080047369,,0.0029,0.2308,0.97373992204666,0.64409017562866,0.6221,,0.30045399069786,0.97566097974777,0.9871,0.2321,0.0348198,,,0.08019
558,0.615,0.004,0.639,0.952,0.9721411,0.09684128,0.06868,,0.734355,0.042132505,0.79558,0.050555556,,0.019594972,0.22366100549698,,0.0031,0.2237,0.98898774385452,0.58740282058716,0.624,,0.34576401114464,0.99998700618744,0.9831,0.264,0.0368054,,,0.07701
559,0.623,0.005,0.58,0.975,0.9550888,0.1113341,0.071619,,0.762452,0.04989648,0.819061,0.059444444,,0.01858473,0.21661700308323,,0.0027,0.2166,0.99915289878845,0.52768272161484,0.63,,0.39291900396347,0.98475700616837,0.9667,0.2945,0.0386792,,,0.07482
560,0.629,0.006,0.527,0.99,0.9358077,0.1274934,0.0745518,,0.790549,0.05931677,0.842541,0.070185185,,0.017667598,0.20695599913597,,0.0034,0.207,0.99788224697113,0.46835148334503,0.6426,,0.43114900588989,0.96150600910187,0.9274,0.3367,0.0404382,,,0.07286
561,0.639,0.009,0.471,0.996,0.9106442,0.1478565,0.0774692,,0.819923,0.070600414,0.868785,0.082777778,,0.016713222,0.20221099257469,,0.0031,0.2022,0.98856419324875,0.41329705715179,0.6516,,0.48087999224663,0.9244179725647,0.8681,0.3724,0.0421116,,,0.06944
562,0.647,0.016,0.418,1,0.8804301,0.1683536,0.0803614,,0.849298,0.08447205,0.892265,0.097592593,,0.015889199,0.18981799483299,,0.0026,0.1898,0.97204571962357,0.36516329646111,0.654,,0.52117598056793,0.90966999530792,0.8261,0.4097,0.0437839,,,0.06858
563,0.655,0.025,0.369,0.996,0.8499649,0.190894,0.0832197,,0.877395,0.100931677,0.915746,0.115185185,,0.015176909,0.18862199783325,,0.0025,0.1886,0.94578570127487,0.31827372312546,0.6607,,0.571996986866,0.85165297985077,0.8128,0.4644,0.0455351,,,0.06546
564,0.669,0.029,0.322,0.987,0.8156071,0.2185872,0.0860525,,0.904215,0.120082816,0.936464,0.136111111,,0.014399441,0.18230399489403,,0.0031,0.1823,0.91486656665802,0.27418351173401,0.6716,,0.61740201711655,0.82267099618912,0.8097,0.5077,0.0474148,,,0.065
565,0.681,0.026,0.282,0.977,0.7809957,0.2437208,0.0888922,,0.931034,0.141821946,0.955801,0.16037037,,0.013640596,0.17599099874496,,0.0033,0.176,0.88225328922272,0.23662519454956,0.6804,,0.64906001091003,0.75892299413681,0.7928,0.5478,0.0494961,,,0.06337
566,0.692,0.02,0.244,0.958,0.7427537,0.2747553,0.0917861,,0.952746,0.166666667,0.972376,0.187037037,,0.013058659,0.1676079928875,,0.004,0.1676,0.84286320209503,0.20295490324497,0.6993,,0.70169001817703,0.72125202417374,0.7594,0.5932,0.0518307,,,0.06175
567,0.703,0.019,0.213,0.94,0.7046461,0.3085813,0.0947827,,0.971903,0.194616977,0.987569,0.214814815,,0.012444134,0.16207100450993,,0.0032,0.1621,0.80347311496735,0.17550544440746,0.7044,,0.74235302209854,0.65850299596786,0.7156,0.6544,0.0544034,,,0.06072
568,0.72,0.022,0.183,0.918,0.661103,0.3469348,0.0979331,,0.985951,0.225672878,0.995856,0.248148148,,0.011857542,0.1564169973135,,0.0028,0.1564,0.76365947723389,0.14992223680019,0.7225,,0.78231102228165,0.60812801122665,0.6675,0.6877,0.0572529,,,0.05753
569,0.733,0.026,0.157,0.896,0.6200437,0.3838926,0.1012647,,0.996169,0.259834369,1,0.283333333,,0.011289572,0.15159599483013,,0.0024,0.1516,0.72130453586578,0.12822705507278,0.7368,,0.81155502796173,0.54760599136353,0.6218,0.7347,0.0603857,,,0.0574
570,0.751,0.03,0.133,0.872,0.5786152,0.4233599,0.1047674,,1,0.296066253,1,0.32037037,,0.0108054,0.14815600216389,,0.0029,0.1482,0.68233799934387,0.10870917886496,0.7509,0.0022,0.8364070057869,0.50742602348328,0.5756,0.7704,0.0637394,,,0.05365
571,0.77,0.034,0.113,0.845,0.5391805,0.4589779,0.1084147,,0.996169,0.33436853,0.995856,0.362962963,,0.010246741,0.14325200021267,,0.0028,0.1432,0.64210081100464,0.092379473149776,0.7698,0.0029,0.86413902044296,0.45546099543571,0.53,0.8258,0.0672886,,,0.05086
572,0.792,0.042,0.096,0.818,0.4986361,0.50376,0.1121544,,0.988506,0.376811594,0.986188,0.405555556,,0.009771881,0.14014500379562,,0.0034,0.1401,0.6052520275116,0.078460343182087,0.7881,0.0041,0.88887900114059,0.41553100943565,0.4843,0.8553,0.0710084,,,0.05103
573,0.807,0.048,0.081,0.793,0.4599577,0.5474395,0.1158996,,0.97318,0.422360248,0.969613,0.45,,0.009269088,0.13555000722408,,0.0026,0.1355,0.56967389583588,0.066687405109406,0.7995,0.0065,0.91179102659225,0.38507398962975,0.4421,0.8977,0.0747607,,,0.04808
574,0.822,0.055,0.069,0.766,0.4194328,0.5910464,0.1195692,,0.950192,0.467908903,0.950276,0.496296296,,0.008761639,0.13224899768829,,0.0029,0.1322,0.53621345758438,0.056648522615433,0.8139,0.0075,0.93419998884201,0.34993898868561,0.398,0.9242,0.0784504,,,0.04642
575,0.845,0.065,0.058,0.74,0.3833058,0.6339554,0.12311,,0.923372,0.51552795,0.925414,0.542592593,,0.008337989,0.12637400627136,,0.0031,0.1264,0.50614148378372,0.04762052744627,0.8295,0.0102,0.95108997821808,0.30629301071167,0.3587,0.9394,0.0820525,,,0.04705
576,0.859,0.075,0.049,0.714,0.3481615,0.6784528,0.1264804,,0.89272,0.562111801,0.895028,0.587037037,,0.007946927,0.12421099841595,,0.0032,0.1242,0.47564589977264,0.041150856763124,0.8457,0.0123,0.96792197227478,0.27345299720764,0.322,0.9604,0.0854359,,,0.04466
577,0.883,0.089,0.041,0.691,0.3150983,0.7233605,0.129672,,0.855683,0.609730849,0.866022,0.631481482,,0.007481378,0.11864999681711,,0.0037,0.1186,0.44811519980431,0.034805599600077,0.8603,0.0148,0.97340899705887,0.24480800330639,0.2911,0.9712,0.0885308,,,0.04426
578,0.904,0.102,0.035,0.668,0.2872557,0.7548277,0.1327182,,0.816092,0.6563147,0.831492,0.674074074,,0.007202048,0.11769499629736,,0.003,0.1177,0.42482000589371,0.029968896880746,0.8804,0.0168,0.97326898574829,0.22799600660801,0.259,0.9817,0.0914184,,,0.04267
579,0.921,0.119,0.03,0.647,0.2602921,0.7956293,0.135668,,0.771392,0.699792961,0.791436,0.716666667,,0.006731844,0.11224800348282,,0.0034,0.1122,0.40000000596046,0.025528771802783,0.8987,0.0214,0.9896240234375,0.19771300256252,0.2298,0.992,0.0941694,,,0.04167
580,0.941,0.138,0.025,0.625,0.2326173,0.8318139,0.1385612,,0.724138,0.741200828,0.752762,0.757407407,,0.006387337,0.11023800075054,,0.0027,0.1102,0.3797966837883,0.022052876651287,0.9204,0.0259,0.99583101272583,0.17803399264812,0.2038,0.9962,0.0967901,,,0.03945
581,0.955,0.16,0.021,0.606,0.2086417,0.8646572,0.1414379,,0.67433,0.780538302,0.709945,0.794444444,,0.006089385,0.10650599747896,,0.003,0.1065,0.35878863930702,,0.9359,0.0309,0.99462497234344,0.15824399888515,0.183,0.9962,0.0994332,,,0.03656
582,0.967,0.183,0.018,0.59,0.1861693,0.8932409,0.1443302,,0.625798,0.817805383,0.667127,0.82962963,,0.005837989,0.10291799902916,,0.0034,0.1029,0.34159255027771,,0.952,0.0365,0.99368399381638,0.1370649933815,0.1603,0.9955,0.1021804,,,0.03743
583,0.984,0.211,0.015,0.572,0.166385,0.9226509,0.1472726,,0.577267,0.850931677,0.625691,0.861111111,,0.005414339,0.10101100057364,,0.0033,0.101,0.32422703504562,,0.959,0.0417,1,0.12879900634289,0.1351,0.9922,0.1049751,,,0.03607
584,0.993,0.237,0.013,0.557,0.147416,0.941596,0.1502923,,0.530013,0.880952381,0.584254,0.887037037,,0.005107076,0.09787580370903,,0.0028,0.0979,0.30923336744308,,0.9735,0.0496,0.99980801343918,0.1129600033164,0.1152,0.9886,0.1077528,,,0.0361
585,0.995,0.265,0.011,0.545,0.1305755,0.9593883,0.1534358,,0.485313,0.909937888,0.544199,0.912962963,,0.004888268,0.094541497528553,,0.0035,0.0945,0.29567980766296,,0.9767,0.0575,0.99717801809311,0.10536699742079,0.1031,0.979,0.1105453,,,0.03444
586,0.996,0.297,0.009,0.529,,0.9753884,0.1567626,,0.440613,0.931677019,0.505525,0.937037037,,0.004583333,0.094523802399635,,0.0031,0.0945,0.28449809551239,,0.9817,0.0628,0.99095100164413,0.089056298136711,0.0922,0.9681,0.1132762,,,0.03315
587,1,0.335,0.008,0.519,,0.9840361,0.1603355,,0.399745,0.950310559,0.466851,0.953703704,,0.00436406,0.091598801314831,,0.0032,0.0916,0.27111393213272,,0.9836,0.071,0.98113697767258,0.082509197294712,0.0781,0.958,0.1159519,,,0.03334
588,0.992,0.369,0.007,0.509,,0.9940711,0.1641945,,0.360153,0.965838509,0.429558,0.966666667,,0.004101024,0.088115401566029,,0.004,0.0881,0.26196527481079,,0.9845,0.0826,0.98225599527359,0.072842799127102,0.0646,0.9473,0.1186501,,,0.03271
589,0.984,0.406,0.006,0.499,,0.9973956,0.168386,,0.323116,0.97826087,0.395028,0.975925926,,0.003865456,0.08578509837389,,0.0035,0.0858,0.25175774097443,,0.9924,0.093,0.98062598705292,0.067165799438953,0.0546,0.9403,0.1214935,,,0.03112
590,0.971,0.447,0.005,0.492,,0.9990733,0.1729299,,0.289911,0.98757764,0.36326,0.987037037,,0.003641527,0.082979701459408,,0.0031,0.083,0.24519272148609,,0.9885,0.1073,0.97156602144241,0.054610598832369,0.0477,0.925,0.1245236,,,0.02963
591,0.946,0.488,0.004,0.483,,1,0.1778242,,0.259259,0.99378882,0.33011,0.994444444,,0.003426909,0.081426203250885,,0.0028,0.0814,0.23672172427177,,0.9804,0.1172,0.96713000535965,0.049261800944805,0.0428,0.907,0.1278249,,,0.02913
592,0.925,0.531,0.004,0.477,,0.9899287,0.1830569,,0.231162,0.99689441,0.302486,0.998148148,,0.003256052,0.079193197190762,,0.003,0.0792,0.23049555718899,,0.9697,0.1312,0.95373100042343,0.047155901789665,0.0381,0.8966,0.1313956,,,0.02784
593,0.901,0.571,0.003,0.472,,0.9864534,0.1886194,,0.208174,0.997929607,0.276243,1,,0.003096369,0.077523596584797,,0.003,0.0775,0.22486235201359,,0.959,0.1434,0.94400799274445,0.038717798888683,0.0338,0.8816,0.1352536,,,0.02658
594,0.867,0.613,0.003,0.466,,0.9784701,0.1944797,,0.183908,0.998964803,0.248619,1,,0.002898045,0.075325898826122,,0.003,0.0753,0.2191444337368,,0.9378,0.1604,0.93331998586655,0.036691699177027,0.0292,0.8623,0.1393355,,,0.02621
595,0.836,0.655,0.002,0.461,,0.966322,0.200615,,0.162197,0.994824017,0.226519,0.994444444,,0.002735568,0.072417996823788,,0.0031,0.0724,0.21257941424847,,0.9153,0.174,0.92093402147293,0.030929200351238,0.0245,0.8463,0.1435936,,,0.02555
596,0.799,0.692,0.002,0.456,,0.9524098,0.2070001,,0.14304,0.99068323,0.203039,0.988888889,,0.002548417,0.071286797523499,,0.0025,0.0713,0.20859804749489,,0.8943,0.1889,0.92601400613785,0.030892599374056,0.0203,0.8385,0.1479821,,,0.02422
597,0.763,0.733,0.002,0.449,,0.9371716,0.2136025,,0.126437,0.983436853,0.183702,0.981481482,,0.002364525,0.068575300276279,,0.0027,0.0686,0.20372723042965,,0.8607,0.2047,0.91247302293777,0.027148699387908,0.0177,0.826,0.1525118,,,0.02346
598,0.724,0.767,0.002,0.444,,0.923198,0.2203858,,0.112388,0.974120083,0.164365,0.97037037,,0.002223464,0.066325597465038,,0.0027,0.0663,0.19961880147457,,0.8479,0.2265,0.89106202125549,0.023723099380732,0.0157,0.8221,0.1571165,,,0.02326
599,0.682,0.808,0.001,0.442,,0.907865,0.2273264,,0.0970626,0.964803313,0.146409,0.959259259,,0.00208473,0.065189197659492,,0.0022,0.0652,0.19339263439178,,0.8225,0.2464,0.88538801670074,0.019846299663186,0.0141,0.8135,0.1617661,,,0.022
600,0.639,0.839,0.001,0.435,,0.887996,0.2343851,,0.0855683,0.953416149,0.131215,0.948148148,,0.001929236,0.06226560100913,,0.003,0.0623,0.18966539204121,,0.7945,0.2615,0.87861001491547,0.017855999991298,0.0127,0.7942,0.1664453,,,0.02183
601,0.601,0.869,,0.429,,0.8736064,0.2415304,,0.0753512,0.940993789,0.118785,0.938888889,,0.001815642,0.060857199132442,,0.0022,0.0608,0.18437102437019,,0.7302,0.2821,0.86884599924088,0.01788179948926,0.0112,0.777,0.1711281,,,
602,0.557,0.896,,0.424,,0.850625,0.2487347,,0.0664112,0.929606625,0.103591,0.924074074,,0.001701583,0.059275798499584,,0.0019,0.0593,0.17827191948891,,0.7039,0.3009,0.84764498472214,0.015414499677718,0.0099,0.7669,0.1757773,,,
603,0.512,0.92,,0.415,,0.8364085,0.2559759,,0.0587484,0.918219462,0.0939227,0.911111111,,0.001599162,0.056882500648499,,0.0022,0.0569,0.17352816462517,,0.6754,0.3201,0.83593797683716,0.013729199767113,0.0088,0.7561,0.1804437,,,
604,0.47,0.937,,0.41,,0.8179715,0.2632446,,0.0510856,0.905797101,0.0842541,0.896296296,,0.00151257,0.055034801363945,,0.0024,0.055,0.16742905974388,,0.6393,0.3394,0.82658499479294,0.014367399737239,0.0083,0.7461,0.1852433,,,
605,0.43,0.961,,0.404,,0.8002685,0.2705627,,0.0446999,0.891304348,0.0745856,0.87962963,,0.001379423,0.053418900817633,,0.002,0.0534,0.16378653049469,,0.6119,0.3585,0.81388801336288,0.01108630001545,0.0077,0.7353,0.1902904,,,
606,0.393,0.974,,0.397,,0.7837129,0.2779588,,0.0395913,0.877846791,0.0662983,0.862962963,,0.001288175,0.052119001746178,,0.0029,0.0521,0.15751799941063,,0.5992,0.3784,0.80881100893021,0.010658299550414,0.0072,0.725,0.1956816,,,
607,0.356,0.98,,0.391,,0.7663561,0.2854787,,0.0357599,0.863354037,0.0607735,0.85,,0.00122067,0.050538200885057,,0.0029,0.0505,0.15167301893234,,0.5836,0.3977,0.7883660197258,0.008259770460427,0.0066,0.7166,0.2014907,,,
608,0.319,0.989,,0.383,,0.7478604,0.2931727,,0.0306513,0.848861284,0.0552486,0.835185185,,0.001057728,0.047352701425552,,0.003,0.0474,0.14646336436272,,0.5517,0.417,0.77861499786377,0.008866949938238,,0.7043,0.2077457,,,
609,0.288,0.996,,0.375,,0.7322343,0.3010648,,0.0280971,0.836438923,0.0497238,0.818518519,,0.000878026,0.04695799946785,,0.0024,0.047,0.13972893357277,,0.4997,0.4368,0.76321297883987,0.009152130223811,,0.6929,0.2143723,,,
610,0.259,1,,0.366,,0.7167142,0.3091756,,0.0242656,0.822981367,0.0441989,0.803703704,,0.000725326,0.046708900481462,,0.0038,0.0467,0.13481575250626,,0.45,0.4714,0.76418900489807,0.007897210307419,,0.6824,0.2212814,,,
611,0.234,0.99,,0.36,,0.6975737,0.3175515,,0.0217114,0.80952381,0.0400553,0.792592593,,0.000686685,0.044931799173355,,0.0026,0.0449,0.12791189551353,,0.4268,0.4857,0.73879200220108,,,0.682,0.2284863,,,
612,0.209,0.991,,0.35,,0.6805379,0.3262651,,0.0191571,0.796066253,0.0359116,0.777777778,,0.000713687,0.043893098831177,,0.003,0.0439,0.12295637279749,,0.4098,0.4995,0.69501799345016,,,0.6722,0.2360226,,,
613,0.183,0.976,,0.342,,0.668147,0.3354256,,0.0166028,0.782608696,0.031768,0.764814815,,0.00066946,0.04323809966445,,0.0029,0.0432,0.11719610542059,,0.3838,0.5176,0.67535400390625,,,0.6619,0.2439419,,,
614,0.162,0.968,,0.332,,0.6521692,0.3451953,,0.0153257,0.770186335,0.0290055,0.751851852,,0.00064013,0.0410829000175,,0.0033,0.0411,0.1115205436945,,0.3469,0.5537,0.66333901882172,,,0.6511,0.2523656,,,
615,0.14,0.955,,0.322,,0.6347845,0.3557065,,0.0140485,0.756728779,0.0276243,0.737037037,,0.000612197,0.038207098841667,,0.0031,0.0382,0.10567556321621,,0.3193,0.5607,0.65610897541046,,,0.6409,0.2614304,,,
616,0.122,0.942,,0.316,,0.6219609,0.3670094,,0.0127714,0.743271222,0.0248619,0.725925926,,0.000560987,0.037355799227953,,0.003,0.0374,0.10135535895824,,0.2927,0.5815,0.64356797933578,,,0.6298,0.2711361,,,
617,0.107,0.931,,0.304,,0.607655,0.3790308,,0.0114943,0.730848861,0.0234807,0.714814815,,0.000459963,0.037704199552536,,0.0031,0.0377,0.095595084130764,,0.2737,0.6014,0.63423198461533,,,0.6188,0.2814835,,,
618,0.092,0.903,,0.294,,0.5951804,0.3915582,,0.0102171,0.719461698,0.0220994,0.701851852,,0.000418063,0.037191301584244,,0.0028,0.0372,0.090343073010445,,0.2558,0.6172,0.62027198076248,,,0.6175,0.2923985,,,
619,0.08,0.892,,0.286,,0.579599,0.4042478,,0.00893997,0.707039338,0.019337,0.688888889,,0.000331937,0.035928301513195,,0.0034,0.0359,0.084794580936432,,0.2369,0.639,0.60624200105667,,,0.6018,0.3037425,,,
620,0.07,0.871,,0.277,,0.567141,0.4167107,,0.00893997,0.696687371,0.019337,0.67962963,,0.000279795,0.035245899111032,,0.0028,0.0352,0.08026260137558,,0.2134,0.6567,0.59833800792694,,,0.5899,0.3153119,,,
621,0.061,0.852,,0.267,,0.552196,0.4285668,,0.00766284,0.686335404,0.0179558,0.668518519,,0.000218808,,,0.0031,0.0336,0.075857684016228,,0.1985,0.6757,0.58600902557373,,,0.5802,0.3268908,,,
622,0.052,0.83,,0.258,,0.545706,0.4395212,,0.0063857,0.675983437,0.0179558,0.657407407,,0.000188547,,,0.0018,0.0325,0.07174926251173,,0.1826,0.6936,0.57086700201035,,,0.571,0.3382017,,,
623,0.045,0.812,,0.251,,0.5311518,0.4494046,,0.0063857,0.664596273,0.0165746,0.648148148,,0.000102421,,,0.0025,0.0317,0.067556120455265,,0.1687,0.7131,0.55897498130798,,,0.5624,0.3490641,,,
624,0.041,0.795,,0.242,,0.5153359,0.4581842,,0.0063857,0.654244306,0.0151934,0.637037037,,0.000102886,,,0.0015,0.0321,0.063871242105961,,0.1565,0.7303,0.55195498466492,,,0.5497,0.3593194,,,
625,0.035,0.772,,0.234,,0.5032129,0.4659547,,0.00510856,0.64389234,0.0138122,0.625925926,,4.88827E-05,,,0.0022,0.0298,0.060186363756657,,0.1414,0.7476,0.53829699754715,,,0.5383,0.3689435,,,
626,0.031,0.754,,0.225,,0.4903279,0.472924,,0.00510856,0.634575569,0.0138122,0.614814815,,6.89013E-05,,,0.002,0.0287,0.057136807590723,,0.1274,0.7677,0.52794599533081,,,0.5244,0.3780406,,,
627,0.026,0.739,,0.216,,0.4775462,0.4793632,,0.00510856,0.624223603,0.0138122,0.603703704,,2.32775E-05,,,0.0023,0.0284,0.053748410195112,,0.1159,0.7852,0.51017099618912,,,0.5153,0.386813,,,
628,0.023,0.719,,0.21,,0.463232,0.485552,,0.00383142,0.612836439,0.0138122,0.594444444,,7.44879E-06,,,0.0025,0.0286,0.050487082451582,,0.1071,0.8038,0.50096601247787,,,0.5107,0.3954201,,,
629,0.02,0.706,,0.202,,0.4486163,0.4917384,,0.00383142,0.604554865,0.0124309,0.585185185,,3.25885E-06,,,0.0026,0.0266,0.047437526285648,,0.1019,0.8183,0.48835000395775,,,0.4958,0.4040956,,,
630,0.017,0.69,,0.196,,0.4396337,0.4980813,,0.00383142,0.595238095,0.0124309,0.574074074,,9.31099E-07,,,0.0027,0.0264,0.044726811349392,,0.0943,0.8356,0.47631999850273,,,0.486,0.4129463,,,
631,0.015,0.674,,0.19,,0.429152,0.5046338,,0.00383142,0.584886128,0.0124309,0.564814815,,,,,0.0027,0.0271,0.042232103645802,,0.092,0.8491,0.47653099894524,,,0.4788,0.4219906,,,
632,0.014,0.662,,0.182,,0.4141847,0.5113373,,0.00383142,0.576604555,0.0124309,0.557407407,,,,,0.003,0.0263,0.039779752492905,,,0.8632,0.45271000266075,,,0.4698,0.4311721,,,
633,0.012,0.65,,0.176,,0.4017546,0.5180687,,0.00383142,0.569358178,0.0124309,0.548148148,,,,,0.0022,0.0254,0.037162218242884,,,0.8767,0.44773599505424,,,0.4611,0.4404443,,,
634,0.01,0.633,,0.169,,0.3905808,0.5246779,,0.00383142,0.560041408,0.0110497,0.537037037,,,,,0.0022,0.0251,0.034786108881235,,,0.8887,0.43533700704575,,,0.4601,0.4496218,,,
635,0.009,0.616,,0.163,,0.3779135,0.5310284,,0.00383142,0.550724638,0.00966851,0.52962963,,,,,0.0023,0.0247,0.033333331346512,,,0.9024,0.4256049990654,,,0.4394,0.4585866,,,
636,0.008,0.605,,0.157,,0.3671388,0.5370135,,0.00383142,0.541407868,0.0110497,0.52037037,,,,,0.0022,0.0243,0.031207116320729,,,0.9152,0.41856700181961,,,0.4292,0.4672584,,,
637,0.007,0.596,,0.153,,0.3569698,0.5425928,,0.00383142,0.532091097,0.00966851,0.512962963,,,,,0.0014,0.024,0.02934349887073,,,0.9276,0.40803799033165,,,0.4181,0.4755875,,,
638,0.006,0.582,,0.148,,0.3421336,0.5477534,,0.00383142,0.522774327,0.00966851,0.505555556,,,,,0.0012,0.0231,0.027911901473999,,,0.9338,0.40336701273918,,,0.4086,0.4834716,,,
639,0.005,0.576,,0.144,,0.3318111,0.552498,,0.00383142,0.513457557,0.00966851,0.496296296,,,,,0.001,0.0231,0.026137230917811,,,0.9443,0.38104900717735,,,0.3983,0.4909156,,,
640,0.004,0.562,,0.139,,0.3189233,0.5568588,,0.00383142,0.50310559,0.00966851,0.488888889,,,,,0.0023,0.0216,0.024781871587038,,,0.9512,0.37940800189972,,,0.3871,0.4978498,,,
641,0.004,0.554,,0.134,,0.3077522,0.5609161,,0.00255428,0.494824017,0.00966851,0.47962963,,,,,0.0013,0.0212,0.023354511708021,,,0.959,0.36515000462532,,,0.3743,0.5041854,,,
642,0.004,0.543,,0.13,,0.2987556,0.5647506,,0.00255428,0.485507246,0.00966851,0.472222222,,,,,0.0023,0.022,0.022172808647156,,,0.9665,0.35084399580956,,,0.3638,0.5098445,,,
643,0.003,0.538,,0.128,,0.2879837,0.5684944,,0.00255428,0.47515528,0.00966851,0.462962963,,,,,0.0015,0.0216,0.021545955911279,,,0.979,0.34709501266479,,,0.3545,0.5148695,,,
644,0.003,0.535,,0.124,,0.2742445,0.5723252,,0.00255428,0.464803313,0.00966851,0.453703704,,,,,0.0018,0.0206,0.0202541295439,,,0.9852,0.33717900514603,,,0.3439,0.5192922,,,
645,0.002,0.521,,0.119,,0.266638,0.5764354,,0.00255428,0.454451346,0.00966851,0.444444444,,,,,0.0015,0.0197,0.019127488136292,,,0.9911,0.33035600185394,,,0.3342,0.5232579,,,
646,0.002,0.514,,0.116,,0.2602402,0.5809612,,0.00255428,0.445134576,0.00966851,0.433333333,,,,,0.0018,0.02,0.018174501135945,,,0.9918,0.32275301218033,,,0.3243,0.5269291,,,
647,0.002,0.503,,0.111,,0.2500349,0.5860327,,0.00255428,0.434782609,0.00966851,0.422222222,,,,,0.0017,0.0192,0.017424819990993,,,0.9878,0.32051101326942,,,0.3152,0.5304143,,,
648,0.002,0.499,,0.108,,0.2422218,0.5917095,,0.00255428,0.423395445,0.00966851,0.411111111,,,,,0.0017,0.019,0.016264295205474,,,0.9899,0.30186501145363,,,0.3059,0.5337695,,,
649,0.002,0.489,,0.106,,0.2328735,0.5979718,,0.00255428,0.412008282,0.00966851,0.401851852,,,,,0.0021,0.0186,0.015734858810902,,,0.9925,0.2874970138073,,,0.2968,0.5370128,,,
650,0.001,0.483,,0.103,,0.2281002,0.6047498,0.0188272,0.00255428,0.401656315,0.00966851,0.392592593,,,,,0.0025,0.0176,0.014917408116162,,,0.9879,0.28480499982834,,,0.2883,0.5401068,0.0118287,,
651,,0.477,,0.1,,0.2211916,0.6120086,0.0193482,0.00255428,0.392339545,0.00966851,0.381481482,,,,,0.0018,0.0184,0.014057602733374,,,0.9856,0.27750700712204,,,0.2803,0.5430286,0.0122207,,
652,,0.471,,0.097,,0.2130101,0.6197096,0.0199935,0.00383142,0.383022774,0.00966851,0.372222222,,,,,0.0028,0.0175,0.013388395309448,,,0.9819,0.27303400635719,,,0.2728,0.5458929,0.0127013,,
653,,0.462,,0.095,,0.2070477,0.6278619,0.0212758,0.00255428,0.373706004,0.00966851,0.361111111,,,,,0.0019,0.0172,0.012698008678854,,,0.9728,0.26351898908615,,,0.2644,0.5487704,0.0136478,,
654,,0.455,,0.091,,0.2014621,0.6365488,0.0227405,0.00255428,0.365424431,0.00966851,0.35,,,,,0.0028,0.017,0.012206692248583,,,0.9693,0.25046899914742,,,0.2573,0.5518202,0.0148069,,
655,,0.452,,0.09,,0.1928731,0.6458756,0.024465,0.00255428,0.356107661,0.00966851,0.338888889,,,,,0.0021,0.0175,0.011838204227388,,,0.9698,0.24606999754906,,,0.2481,0.5552501,0.0161917,,
656,,0.44,,0.086,,0.1866762,0.6559219,0.0262534,0.00255428,0.34679089,0.00966851,0.32962963,,,,,0.0021,0.0166,0.011313002556562,,,0.9522,0.23884700238705,,,0.2406,0.5592767,0.0177089,,
657,,0.433,,0.083,,0.1810516,0.6667507,0.0281207,0.00255428,0.33747412,0.00966851,0.322222222,,,,,0.0022,0.0157,0.010508258827031,,,0.9434,0.23169299960136,,,0.233,0.5639947,0.0193654,,
658,,0.423,,0.08,,0.1758205,0.6783841,0.030029,0.00255428,0.32815735,0.00966851,0.314814815,,,,,0.0026,0.0175,0.010258365422487,,,0.9286,0.22322499752045,,,0.2251,0.5695779,0.0211365,,
659,,0.416,,0.078,,0.1693334,0.6907965,0.0320802,0.00255428,0.31884058,0.00966851,0.305555556,,,,,0.0025,0.0165,0.009606098756194,,,0.9235,0.22855299711227,,,0.2184,0.5761007,0.0230521,,
660,,0.413,,0.077,,0.1624275,0.7039704,0.034342,0.00255428,0.310559006,0.00966851,0.298148148,,,,,0.0021,0.0169,0.009157137013972,,,0.9159,0.21439099311829,,,0.2117,0.5835679,0.0251182,,
661,,0.406,,0.074,,0.157805,0.7178769,0.0367873,0.00255428,0.301242236,0.00966851,0.290740741,,,,,0.0019,0.0148,0.008826768025756,,,0.9095,0.20451399683952,,,0.2064,0.5919316,0.0273524,,
662,,0.4,,0.072,,0.1526437,0.7324745,0.039469,0.00255428,0.292960663,0.00966851,0.283333333,,,,,0.0024,0.0148,0.008276154287159,,,0.9018,0.2039960026741,,,0.1985,0.6011481,0.0297344,,
663,,0.392,,0.07,,0.1469437,0.7476932,0.0423301,0.00255428,0.284679089,0.00966851,0.275925926,,,,,0.0022,0.0155,0.007865310646594,,,0.8885,0.19579100608826,,,0.1952,0.6110354,0.032296,,
664,,0.386,,0.069,,0.1418048,0.7633917,0.0453506,0.00383142,0.276397516,0.00966851,0.266666667,,,,,0.0023,0.0155,0.007513764780015,,,0.8821,0.19246900081635,,,0.1882,0.6214302,0.0350138,,
665,,0.378,,0.066,,0.1367524,0.7793242,0.048409,0.00255428,0.269151139,0.00966851,0.259259259,,,,,0.0021,0.0158,0.007348581217229,,,0.8662,0.18901699781418,,,0.1843,0.632116,0.0378809,,
666,,0.371,,0.063,,0.1322834,0.7952151,0.0517887,0.00255428,0.260869565,0.00966851,0.251851852,,,,,0.0021,0.0138,0.006814909167588,,,0.855,0.17701299488544,,,0.1786,0.6428572,0.0408908,,
667,,0.365,,0.062,,0.1283587,0.8107601,0.0552718,0.00255428,0.253623188,0.00966851,0.246296296,,,,,0.0008,0.0134,0.006531130988151,,,0.8455,0.17561000585556,,,0.1717,0.653422,0.0440466,,
668,,0.359,,0.061,,0.1232728,0.8256788,0.0590781,0.00255428,0.246376812,0.00966851,0.238888889,,,,,0.0019,0.0148,0.006094874814153,,,0.8329,0.17321699857712,,,0.1689,0.6637337,0.0473064,,
669,,0.354,,0.059,,0.1181758,0.8397748,0.0631974,0.00255428,0.238095238,0.00966851,0.231481482,,,,,0.0015,0.0139,0.005700973793864,,,0.8157,0.16849300265312,,,0.1626,0.6737442,0.0507073,,
670,,0.35,,0.057,,0.1127605,0.8529651,0.0679006,0.00255428,0.231884058,0.00828729,0.227777778,,,,,0.0018,0.014,0.005535790231079,,,0.8097,0.16274799406528,,,0.1594,0.6835439,0.0542492,,
671,,0.34,,0.056,,0.1094304,0.8652149,0.0728945,0.00255428,0.225672878,0.00966851,0.222222222,,,,,0.0019,0.0144,0.005340957082808,,,0.7951,0.15955899655819,,,0.1557,0.6932568,0.0579284,,
672,,0.336,,0.054,,0.1059802,0.8766009,0.0783492,0.00255428,0.219461698,0.00966851,0.214814815,,,,,0.0022,0.0136,0.004963998217136,,,0.7855,0.14675000309944,,,0.1499,0.7030456,0.0617882,,
673,,0.329,,0.052,,0.1023961,0.8872851,0.0842276,0.00255428,0.215320911,0.00966851,0.209259259,,,,,0.0026,0.0147,0.004786108154804,,,0.7702,0.14931300282478,,,0.1467,0.7129557,0.0658643,,
674,,0.32,,0.051,,0.09724603,0.8974687,0.0907788,0.00255428,0.211180124,0.00966851,0.201851852,,,,,0.0027,0.0138,0.004476916976273,,,0.7585,0.14708499610424,,,0.1405,0.722977,0.070084,,
675,,0.314,,0.049,,0.09426204,0.9073669,0.0978111,0.00255428,0.206004141,0.00828729,0.198148148,,,,,0.0022,0.0141,0.004265142139047,,,0.7453,0.14374299347401,,,0.1384,0.7330591,0.0744652,,
676,,0.309,,0.047,,0.09099613,0.9172291,0.1057134,0.00255428,0.201863354,0.00828729,0.194444444,,,,,0.0008,0.0137,0.004051673226059,,,0.7366,0.13796900212765,,,0.1346,0.7431483,0.0790651,,
677,,0.305,,0.046,,0.0876381,0.9271904,0.1145648,0.00255428,0.196687371,0.00966851,0.190740741,,,,,0.0001,0.0134,0.003756883088499,,,0.7226,0.13540899753571,,,0.1316,0.753149,0.0838414,,
678,,0.297,,0.045,,0.08422425,0.9372308,0.1244322,0.00255428,0.191511387,0.00966851,0.185185185,,,,,0.0004,0.0134,0.003592546097934,,,0.7174,0.13023300468922,,,0.1282,0.7630735,0.0887918,,
679,,0.286,,0.044,,0.0802912,0.9472226,0.1350662,0.00255428,0.186335404,0.00828729,0.181111111,,,,,0,0.0135,0.003540025092661,,,0.6967,0.12738899886608,,,0.1239,0.7730234,0.0940345,,
680,,0.279,,0.042,,0.07676011,0.9569402,0.1468243,0.00255428,0.182194617,0.00828729,0.176851852,,,,,0.001,0.0127,0.00334815797396,,,0.6873,0.12227500230074,,,0.1212,0.782979,0.0995583,,
681,,0.276,,0.041,,0.0731676,0.9660677,0.1595028,0.00255428,0.175983437,0.00828729,0.172222222,,,,,0.0001,0.0134,0.003069462021813,,,0.6708,0.1161250025034,,,0.1173,0.7930703,0.1053189,,
682,,0.268,,0.04,,0.07102382,0.974315,0.17344,0.00255428,0.170807453,0.00828729,0.167777778,,,,,0.0001,0.0146,0.00301651796326,,,0.6612,0.11643499881029,,,0.1149,0.8034653,0.1113898,,
683,,0.26,,0.038,,0.06839713,0.9814989,0.1885046,0.00255428,0.16563147,0.00828729,0.162037037,,,,,0.0009,0.013,0.002842863090336,,,0.6506,0.11008899658918,,,0.1115,0.8141857,0.1178165,,
684,,0.252,,0.037,,0.06565042,0.9875076,0.205289,0.00255428,0.161490683,0.00828729,0.157037037,,,,,0.0003,0.0129,0.002698008902371,,,0.635,0.10911200195551,,,0.1086,0.825201,0.1246191,,
685,,0.247,,0.035,,0.06290928,0.9922984,0.223485,0.00255428,0.1563147,0.00828729,0.153703704,,,,,0.0006,0.0131,0.002528589917347,,,0.6256,0.10327900201082,,,0.1052,0.8366721,0.1320304,,
686,,0.24,,0.035,,0.06071526,0.995874,0.2433715,0.00255428,0.152173913,0.00828729,0.14962963,,,,,0.0004,0.0132,0.002349427901208,,,0.6142,0.10240600258112,,,0.1036,0.8484897,0.1402735,,
687,,0.232,,0.034,,0.0582114,0.9983058,0.2648582,0.00255428,0.14699793,0.00828729,0.145185185,,,,,0.0008,0.0133,0.002298179082573,,,0.6056,0.10026100277901,,,0.1014,0.8605841,0.1494748,,
688,,0.231,,0.032,,0.05501527,0.9996621,0.2883319,0.00255428,0.142857143,0.00828729,0.142777778,,,,,0.0008,0.0133,0.002130876993761,,,0.5946,0.092917799949646,,,0.0982,0.8731026,0.1597814,,
689,,0.225,,0.032,,0.05319529,1,0.3133033,0.00255428,0.138716356,0.00828729,0.139074074,,,,,0.0003,0.0122,0.002099534031004,,,0.5836,0.097935900092125,,,0.0964,0.8860776,0.1713556,,
690,,0.217,,0.03,,0.05084774,0.9993613,0.3399994,0.00255428,0.134575569,0.00828729,0.135185185,,,,,0.0002,0.0126,0.001958491979167,,,0.5676,0.093649499118328,,,0.0931,0.8993895,0.1840936,,
691,,0.206,,0.029,,0.04863418,0.997813,0.3684242,0.00255428,0.130434783,0.00828729,0.130925926,,,,,0.0001,0.0133,0.001893265987746,,,0.5591,0.091331303119659,,,0.0916,0.913044,0.1979792,,
692,,0.207,,0.028,,0.04626709,0.9953205,0.3986154,0.00255428,0.127329193,0.00828729,0.126481482,,,,,0.001,0.0125,0.001670902012847,,,0.5521,0.086641103029251,,,0.0881,0.9268296,0.213128,,
693,,0.198,,0.027,,0.04523428,0.9917813,0.4305828,0.00255428,0.124223603,0.00828729,0.123703704,,,,,0.001,0.0126,0.001743752975017,,,0.5404,0.084133796393871,,,0.0866,0.9402351,0.2296949,,
694,,0.195,,0.027,,0.04241499,0.9870484,0.4642788,0.00255428,0.120082816,0.00828729,0.11962963,,,,,0.0015,0.0123,0.001551461056806,,,0.5295,0.084737502038479,,,0.0835,0.9529739,0.2477325,,
695,,0.19,,0.026,,0.04069829,0.9809302,0.4996896,0.00255428,0.118012422,0.00828729,0.116481482,,,,,0.0011,0.0119,0.001425244030543,,,0.5191,0.085524298250675,,,0.0823,0.9647412,0.2676372,,
696,,0.185,,0.024,,0.03852101,0.973146,0.5366516,0.00255428,0.113871636,0.00828729,0.113888889,,,,,,0.0131,0.001390511984937,,,0.5087,0.082720100879669,,,0.081,0.9751286,0.2896211,,
697,,0.18,,0.024,,0.03742401,0.96346,0.5744998,0.00255428,0.111801242,0.00828729,0.110925926,,,,,,0.0133,0.001363829011098,,,0.5011,0.079628400504589,,,0.0772,0.983894,0.3137557,,
698,,0.176,,0.024,,0.03647215,0.9516838,0.6127461,0.00383142,0.109730849,0.00828729,0.108888889,,,,,,0.0129,0.001337992027402,,,0.4931,0.080193497240543,,,0.0759,0.9909841,0.3400786,,
699,,0.169,,0.023,,0.03402969,0.9376464,0.6513396,0.00255428,0.105590062,0.00828729,0.105555556,,,,,,0.0119,0.001241000019945,,,0.4861,0.075253002345562,,,0.0739,0.9961016,0.3687497,,
700,,0.167,,0.022,,0.03300246,0.9212084,0.6896912,0.00255428,0.10300207,0.00828729,0.103518519,,,,,,0.0126,0.001303261029534,,,0.4736,0.076007097959518,,,0.0746,0.9990923,0.3995166,,
701,,0.163,,,,0.03096476,0.902282,0.7274662,,0.100828157,,0.101481482,,,,,,0.0136,,,,0.466,,,,,1,0.4322628,,
702,,0.158,,,,0.02967514,0.8807212,0.7647673,,0.098447205,,0.099074074,,,,,,0.0121,,,,0.4602,,,,,0.9988923,0.4669443,,
703,,0.154,,,,0.02904708,0.8563136,0.8011105,,0.095445135,,0.095,,,,,,0.0146,,,,0.4551,,,,,0.9957633,0.5035113,,
704,,0.149,,,,0.02760673,0.8288843,0.8355373,,0.093271222,,0.091296296,,,,,,0.0133,,,,0.4463,,,,,0.9907207,0.5416326,,
705,,0.145,,,,0.02634223,0.7983291,0.8682167,,0.091304348,,0.088888889,,,,,,0.013,,,,0.4392,,,,,0.9835849,0.5811464,,
706,,0.142,,,,0.0247986,0.7646889,0.8981108,,0.089855072,,0.087777778,,,,,,0.0135,,,,0.4287,,,,,0.9739777,0.6218003,,
707,,0.142,,,,0.02401423,0.7282937,0.9244857,,0.08747412,,0.086296296,,,,,,0.0141,,,,0.4211,,,,,0.9614218,0.6631611,,
708,,0.136,,,,0.02296467,0.6897996,0.9471297,,0.085300207,,0.085,,,,,,0.0123,,,,0.415,,,,,0.945557,0.7044949,,
709,,0.135,,,,0.02226961,0.6500604,0.9667848,,0.082919255,,0.082407407,,,,,,0.0142,,,,0.4081,,,,,0.9261498,0.7453846,,
710,,0.128,,,,0.02147407,0.6100559,0.9818144,,0.082815735,,0.080555556,,,,,,0.0148,,,,0.4016,,,,,0.9034572,0.7852349,,
711,,0.126,,,,0.02087392,0.5707464,0.9922023,,0.081469979,,0.077777778,,,,,,0.0138,,,,0.3948,,,,,0.8780238,0.823366,,
712,,0.124,,,,0.01969596,0.5328983,0.9983752,,0.079813665,,0.075,,,,,,0.0136,,,,0.3887,,,,,0.850545,0.85903,,
713,,0.122,,,,0.0184538,0.4970036,0.999996,,0.078571429,,0.072777778,,,,,,0.0141,,,,0.3833,,,,,0.8217494,0.8918653,,
714,,0.12,,,,0.01789273,0.463305,0.9960315,,0.077122153,,0.072037037,,,,,,0.0153,,,,0.3754,,,,,0.7923081,0.9210488,,
715,,0.116,,,,0.01704974,0.4318011,0.9882617,,0.074637681,,0.068888889,,,,,,0.0149,,,,0.3697,,,,,0.7625585,0.9459688,,
716,,0.111,,,,0.01667569,0.4023234,0.9774785,,0.072567288,,0.066481481,,,,,,0.0148,,,,0.3621,,,,,0.7325916,0.966253,,
717,,0.11,,,,0.01552006,0.3746296,0.9630223,,0.070807453,,0.064814815,,,,,,0.0124,,,,0.3557,,,,,0.702505,0.9819084,,
718,,0.106,,,,0.01504274,0.3484529,0.9455141,,0.068530021,,0.062592593,,,,,,0.0135,,,,0.3473,,,,,0.6722174,0.9925494,,
719,,0.104,,,,0.01469102,0.3235464,0.9259489,,0.06552795,,0.060185185,,,,,,0.0132,,,,0.3414,,,,,0.6415188,0.9984746,,
720,,0.102,,,,0.01370288,0.2997213,0.9036637,,0.062732919,,0.058333333,,,,,,0.0147,,,,0.3347,,,,,0.6102866,1.0000006,,
721,,0.1,,,,0.01297712,0.2768652,0.8791847,,0.060041408,,0.057777778,,,,,,0.0145,,,,0.3284,,,,,0.5785393,0.9971438,,
722,,0.097,,,,0.01222344,0.25496,0.8533022,,0.058488613,,0.057037037,,,,,,0.0154,,,,0.3226,,,,,0.5460949,0.9897583,,
723,,0.096,,,,0.01211458,0.2341129,0.8265675,,0.056832298,,0.054814815,,,,,,0.0147,,,,0.3192,,,,,0.5130856,0.9783334,,
724,,0.094,,,,0.01147815,0.214522,0.7990114,,0.054968944,,0.052407407,,,,,,0.0136,,,,0.3138,,,,,0.479967,0.9629195,,
725,,0.092,,,,0.01073843,0.1965916,0.7714522,,0.052484472,,0.049074074,,,,,,0.016,,,,0.3088,,,,,0.4476914,0.9436719,,
726,,0.089,,,,0.01047883,0.1807102,0.7437565,,0.051449275,,0.048148148,,,,,,0.0142,,,,0.3032,,,,,0.4171637,0.9211895,,
727,,0.087,,,,0.01016899,,0.7163446,,0.050517598,,0.047592593,,,,,,0.0135,,,,0.2961,,,,,0.3909414,0.896249,,
728,,0.086,,,,0.00956047,,0.6890304,,0.048550725,,0.047592593,,,,,,0.0139,,,,0.2904,,,,,0.3694193,0.8692215,,
729,,0.083,,,,0.009016151,,0.6622504,,0.04699793,,0.045740741,,,,,,0.0168,,,,0.2842,,,,,0.3583587,0.8408488,,
730,,0.081,,,,0.008773301,,0.6364326,,0.044824017,,0.043148148,,,,,,0.0161,,,,0.2797,,,,,,0.8117361,,
731,,0.079,,,,0.008259687,,0.6115814,,0.04389234,,0.042777778,,,,,,0.0154,,,,0.2741,,,,,,0.782445,,
732,,0.077,,,,0.008064291,,0.5879639,,0.043995859,,0.043148148,,,,,,0.0161,,,,0.2704,,,,,,0.7532377,,
733,,0.078,,,,0.007866103,,0.5660217,,0.043581781,,0.042592593,,,,,,0.0165,,,,0.2672,,,,,,0.7246447,,
734,,0.073,,,,0.007321784,,0.5464271,,0.043064182,,0.042037037,,,,,,0.0167,,,,0.2623,,,,,,0.6967781,,
735,,0.075,,,,0.007067769,,0.5278921,,0.042339545,,0.040555556,,,,,,0.0177,,,,0.2559,,,,,,0.6698844,,
736,,0.071,,,,0.006696516,,0.5103325,,0.040993789,,0.039259259,,,,,,0.0174,,,,0.2515,,,,,,0.6437907,,
737,,0.073,,,,0.006333637,,0.4938975,,0.040165631,,0.037777778,,,,,,0.0164,,,,0.2479,,,,,,0.6185891,,
738,,0.068,,,,0.005962383,,0.4783252,,0.040062112,,0.037222222,,,,,,0.019,,,,0.2434,,,,,,0.5941317,,
739,,0.067,,,,0.005605087,,0.4624149,,0.040269151,,0.037407407,,,,,,0.0159,,,,0.2385,,,,,,0.5705298,,
740,,0.066,,,,0.005359446,,0.4468217,,0.038302277,,0.03537037,,,,,,0.0175,,,,0.2328,,,,,,0.5477878,,
741,,0.066,,,,0.005351072,,0.4323347,,0.038198758,,0.035,,,,,,0.0175,,,,0.2254,,,,,,0.5262376,,
742,,0.061,,,,0.005183589,,0.4183822,,0.037267081,,0.035740741,,,,,,0.0178,,,,0.2221,,,,,,0.5059702,,
743,,0.063,,,,0.004876537,,0.4048912,,0.036645963,,0.035185185,,,,,,0.0176,,,,0.2177,,,,,,0.4871471,,
744,,0.06,,,,0.004628105,,0.3921841,,0.035714286,,0.033518519,,,,,,0.0167,,,,0.2122,,,,,,0.469792,,
745,,0.061,,,,0.004575069,,0.3810026,,0.035714286,,0.032222222,,,,,,0.015,,,,0.2077,,,,,,0.4537361,,
746,,0.057,,,,0.004480162,,0.3702243,,0.035093168,,0.031111111,,,,,,0.0184,,,,0.2016,,,,,,0.4386538,,
747,,0.056,,,,0.003944217,,0.3600551,,0.034161491,,0.03,,,,,,0.0198,,,,0.199,,,,,,0.4244892,,
748,,0.056,,,,0.004075412,,0.3502247,,0.033747412,,0.029814815,,,,,,0.0186,,,,0.1984,,,,,,0.4110461,,
749,,0.056,,,,0.00370695,,0.3409198,,0.031780538,,0.028703704,,,,,,0.019,,,,0.1908,,,,,,0.3981813,,
750,,0.054,,,,0.003472474,,0.3315898,,0.029606625,,0.027037037,,,,,,0.0194,,,,0.1871,,,,,,0.3859798,,
751,,0.051,,,,0.003360819,,0.3224789,,0.028364389,,0.025925926,,,,,,,,,,0.182,,,,,,0.3746261,,
752,,0.052,,,,0.00305935,,0.3138017,,0.027432712,,0.025,,,,,,,,,,0.1779,,,,,,0.3639856,,
753,,0.05,,,,0.003131926,,0.3058112,,0.027329193,,0.025925926,,,,,,,,,,0.1753,,,,,,0.3539808,,
754,,0.05,,,,0.003109595,,0.298301,,0.027432712,,0.02537037,,,,,,,,,,0.1723,,,,,,0.34451,,
755,,0.048,,,,0.002785795,,0.2912381,,0.025879917,,0.025,,,,,,,,,,0.1686,,,,,,0.3354977,,
756,,0.045,,,,0.002746716,,0.2848395,,0.026086957,,0.025,,,,,,,,,,0.1653,,,,,,0.3267908,,
757,,0.046,,,,0.002422916,,0.2785658,,0.025258799,,0.024259259,,,,,,,,,,0.1631,,,,,,0.3183925,,
758,,0.044,,,,0.002361506,,0.2728904,,0.02505176,,0.025,,,,,,,,,,0.1581,,,,,,0.3104333,,
759,,0.043,,,,0.00226939,,0.2673576,,0.024844721,,0.02462963,,,,,,,,,,0.1531,,,,,,0.3029688,,
760,,0.04,,,,0.00226939,,0.2618635,,0.024741201,,0.02537037,,,,,,,,,,0.1521,,,,,,0.2958959,,
761,,0.041,,,,0.002129821,,0.2568349,,0.023602484,,0.025,,,,,,,,,,0.1477,,,,,,0.2891806,,
762,,0.04,,,,0.002085159,,0.2519685,,0.022360248,,0.02462963,,,,,,,,,,0.1428,,,,,,0.2827583,,
763,,0.04,,,,0.002079577,,0.2469967,,0.022256729,,0.026296296,,,,,,,,,,0.1388,,,,,,0.2765225,,
764,,0.039,,,,0.001856266,,0.2431099,,0.02184265,,0.027407407,,,,,,,,,,0.1422,,,,,,0.2705671,,
765,,0.036,,,,0.001906511,,0.2399117,,0.021428571,,0.026111111,,,,,,,,,,0.1382,,,,,,0.2649674,,
766,,0.038,,,,0.001898137,,0.2366853,,0.021635611,,0.024814815,,,,,,,,,,0.1346,,,,,,0.2597175,,
767,,0.037,,,,0.001725072,,0.234618,,0.020807453,,0.024814815,,,,,,,,,,0.1295,,,,,,0.2548271,,
768,,0.034,,,,0.001708323,,0.2331408,,0.020082816,,0.023703704,,,,,,,,,,0.127,,,,,,0.2502102,,
769,,0.033,,,,0.001666453,,0.2311583,,0.01873706,,0.023148148,,,,,,,,,,0.123,,,,,,0.2455702,,
770,,0.034,,,,0.001381732,,0.2293165,,0.016770186,,0.021481481,,,,,,,,,,0.1217,,,,,,0.2408497,,
771,,0.033,,,,0.001493387,,0.2274857,,0.016045549,,0.01962963,,,,,,,,,,0.121,,,,,,0.2360762,,
772,,0.032,,,,0.001401272,,0.2252597,,0.014492754,,0.017722222,,,,,,,,,,0.117,,,,,,0.2313508,,
773,,0.031,,,,0.001286825,,0.2228869,,0.014389234,,0.016888889,,,,,,,,,,0.1137,,,,,,0.2267108,,
774,,0.03,,,,0.001152839,,0.221197,,0.014078675,,0.016222222,,,,,,,,,,0.1121,,,,,,0.2224869,,
775,,0.029,,,,0.001258911,,0.2194719,,0.014389234,,0.015074074,,,,,,,,,,,,,,,,0.2187851,,
776,,0.03,,,,0.001169587,,0.2182295,,0.013975155,,0.014574074,,,,,,,,,,,,,,,,0.215584,,
777,,0.03,,,,0.001161213,,0.216925,,0.014492754,,0.014388889,,,,,,,,,,,,,,,,0.2128195,,
778,,0.027,,,,0.000904406,,0.216298,,0.013354037,,0.012611111,,,,,,,,,,,,,,,,0.2107401,,
779,,0.026,,,,0.001069098,,0.2153213,,0.012318841,,0.011314815,,,,,,,,,,,,,,,,0.2091832,,
780,,0.027,,,,0.001002105,,0.2145613,,0.011283644,,0.010111111,,,,,,,,,,,,,,,,0.2079861,,
781,,0.025,,,,0.000909989,,0.2141595,,0.011387164,,0.011203704,,,,,,,,,,,,,,,,0.2071588,,
782,,0.025,,,,0.00087091,,0.2140067,,0.010869565,,0.011592593,,,,,,,,,,,,,,,,0.2066499,,
783,,0.026,,,,0.000854162,,0.212907,,0.010869565,,0.011537037,,,,,,,,,,,,,,,,0.2060795,,
784,,0.024,,,,0.000714593,,0.2115092,,0.010351967,,0.012296296,,,,,,,,,,,,,,,,0.2054511,,
785,,0.024,,,,0.000887658,,0.2099357,,0.011180124,,0.011037037,,,,,,,,,,,,,,,,0.2049375,,
786,,0.023,,,,0.000795543,,0.2077604,,0.010869565,,0.008925926,,,,,,,,,,,,,,,,0.2045302,,
787,,0.022,,,,0.00072855,,0.2052886,,0.011180124,,0.008907407,,,,,,,,,,,,,,,,0.2041286,,
788,,0.022,,,,0.000572232,,0.2036655,,0.010869565,,0.0095,,,,,,,,,,,,,,,,0.2039703,,
789,,0.022,,,,0.000803917,,0.2025105,,0.010766046,,0.008703704,,,,,,,,,,,,,,,,0.2038938,,
790,,0.02,,,,0.000681096,,0.2014727,,0.010766046,,0.007851852,,,,,,,,,,,,,,,,0.2035693,,
791,,0.021,,,,0.0006476,,0.2007535,,0.010973085,,0.007222222,,,,,,,,,,,,,,,,0.2028411,,
792,,0.02,,,,0.000642017,,0.2000992,,0.011076605,,0.006907407,,,,,,,,,,,,,,,,0.2018931,,
793,,0.02,,,,0.000586189,,0.1984754,,0.011283644,,0.007037037,,,,,,,,,,,,,,,,0.2004891,,
794,,0.018,,,,0.000524779,,0.1966872,,0.011594203,,0.007666667,,,,,,,,,,,,,,,,0.1987834,,
795,,0.017,,,,0.000558276,,0.1946376,,0.011904762,,0.008907407,,,,,,,,,,,,,,,,0.1971174,,
796,,0.02,,,,0.000577815,,0.1919961,,0.012318841,,0.010851852,,,,,,,,,,,,,,,,0.1957329,,
797,,0.018,,,,0.000468952,,0.1896028,,0.012732919,,0.013611111,,,,,,,,,,,,,,,,0.1945215,,
798,,0.017,,,,0.000516405,,0.1879385,,0.013250518,,0.017277778,,,,,,,,,,,,,,,,0.1936789,,
799,,0.016,,,,0.000474534,,0.1868638,,0.013768116,,0.021851852,,,,,,,,,,,,,,,,0.1933169,,
800,,0.017,,,,0.000396376,,0.1858483,,0.014389234,,0.027777778,,,,,,,,,,,,,,,,0.1930883,,
800.94,,,,,,,,0.1725738,,,,,,,,,,,,,,,,,,,,0.1938524,,
802.02,,,,,,,,0.1695061,,,,,,,,,,,,,,,,,,,,0.1922363,,
802.97,,,,,,,,0.1667061,,,,,,,,,,,,,,,,,,,,0.1906043,,
804.05,,,,,,,,0.1640837,,,,,,,,,,,,,,,,,,,,0.1889874,,
805,,,,,,,,0.1614737,,,,,,,,,,,,,,,,,,,,0.1874186,,
805.94,,,,,,,,0.1586757,,,,,,,,,,,,,,,,,,,,0.1859316,,
807.02,,,,,,,,0.1554958,,,,,,,,,,,,,,,,,,,,0.1845496,,
807.97,,,,,,,,0.1518287,,,,,,,,,,,,,,,,,,,,0.1832503,,
809.05,,,,,,,,0.1477012,,,,,,,,,,,,,,,,,,,,0.181977,,
810,,,,,,,,0.1432605,,,,,,,,,,,,,,,,,,,,0.1806548,,
810.95,,,,,,,,0.1387475,,,,,,,,,,,,,,,,,,,,0.1791953,,
812.05,,,,,,,,0.1344527,,,,,,,,,,,,,,,,,,,,0.1775114,,
813.01,,,,,,,,0.1306127,,,,,,,,,,,,,,,,,,,,0.1755454,,
813.97,,,,,,,,0.1273507,,,,,,,,,,,,,,,,,,,,0.1732489,,
815.06,,,,,,,,0.1246583,,,,,,,,,,,,,,,,,,,,0.1705729,,
816.02,,,,,,,,0.122394,,,,,,,,,,,,,,,,,,,,0.1674664,,
816.98,,,,,,,,0.1203122,,,,,,,,,,,,,,,,,,,,0.163864,,
817.94,,,,,,,,0.118163,,,,,,,,,,,,,,,,,,,,0.1596926,,
819.04,,,,,,,,0.1157519,,,,,,,,,,,,,,,,,,,,0.1549168,,
820,,,,,,,,0.1129724,,,,,,,,,,,,,,,,,,,,0.1495531,,
821,,,,,,,,0.1098219,,,,,,,,,,,,,,,,,,,,0.143692,,
822,,,,,,,,0.1063982,,,,,,,,,,,,,,,,,,,,0.1375211,,
823,,,,,,,,0.1028231,,,,,,,,,,,,,,,,,,,,0.1313004,,
824,,,,,,,,0.0992004,,,,,,,,,,,,,,,,,,,,0.1253154,,
825,,,,,,,,0.0956029,,,,,,,,,,,,,,,,,,,,0.1198458,,
826,,,,,,,,0.0920794,,,,,,,,,,,,,,,,,,,,0.1151091,,
827,,,,,,,,0.088644,,,,,,,,,,,,,,,,,,,,0.1112221,,
828,,,,,,,,0.0853322,,,,,,,,,,,,,,,,,,,,0.1082009,,
829,,,,,,,,0.0822182,,,,,,,,,,,,,,,,,,,,0.1059646,,
830,,,,,,,,0.0793904,,,,,,,,,,,,,,,,,,,,0.1043572,,
831,,,,,,,,0.0769091,,,,,,,,,,,,,,,,,,,,0.1031907,,
832,,,,,,,,0.0748083,,,,,,,,,,,,,,,,,,,,0.10225,,
833,,,,,,,,0.0730535,,,,,,,,,,,,,,,,,,,,0.1012981,,
834,,,,,,,,0.0715375,,,,,,,,,,,,,,,,,,,,0.1001028,,
835,,,,,,,,0.0701199,,,,,,,,,,,,,,,,,,,,0.0984413,,
836,,,,,,,,0.0686781,,,,,,,,,,,,,,,,,,,,0.0961141,,
837,,,,,,,,0.0671236,,,,,,,,,,,,,,,,,,,,0.0930141,,
838,,,,,,,,0.0654203,,,,,,,,,,,,,,,,,,,,0.0891604,,
839,,,,,,,,0.063585,,,,,,,,,,,,,,,,,,,,0.0847053,,
840,,,,,,,,0.0616588,,,,,,,,,,,,,,,,,,,,0.0799127,,
841,,,,,,,,0.0596737,,,,,,,,,,,,,,,,,,,,0.0751144,,
842,,,,,,,,0.0576194,,,,,,,,,,,,,,,,,,,,0.0705964,,
843,,,,,,,,0.0554747,,,,,,,,,,,,,,,,,,,,0.0665539,,
844,,,,,,,,0.0532092,,,,,,,,,,,,,,,,,,,,0.0630447,,
845,,,,,,,,0.0508482,,,,,,,,,,,,,,,,,,,,0.0600586,,
846,,,,,,,,0.0484363,,,,,,,,,,,,,,,,,,,,0.0574982,,
847,,,,,,,,0.0462318,,,,,,,,,,,,,,,,,,,,0.0554165,,
848,,,,,,,,0.0443002,,,,,,,,,,,,,,,,,,,,0.0537164,,
849,,,,,,,,0.0432845,,,,,,,,,,,,,,,,,,,,0.0528527,,
850,,,,,,,,0.042418,,,,,,,,,,,,,,,,,,,,0.0521258,,
851,,,,,,,,,,,,,,,,,,,,,,,,,,,,,,
852,,,,,,,,,,,,,,,,,,,,,,,,,,,,,,
853,,,,,,,,,,,,,,,,,,,,,,,,,,,,,,
854,,,,,,,,,,,,,,,,,,,,,,,,,,,,,,
855,,,,,,,,,,,,,,,,,,,,,,,,,,,,,,
856,,,,,,,,,,,,,,,,,,,,,,,,,,,,,,
857,,,,,,,,,,,,,,,,,,,,,,,,,,,,,,
858,,,,,,,,,,,,,,,,,,,,,,,,,,,,,,
859,,,,,,,,,,,,,,,,,,,,,,,,,,,,,,
860,,,,,,,,,,,,,,,,,,,,,,,,,,,,,,
861,,,,,,,,,,,,,,,,,,,,,,,,,,,,,,
862,,,,,,,,,,,,,,,,,,,,,,,,,,,,,,
863,,,,,,,,,,,,,,,,,,,,,,,,,,,,,,
864,,,,,,,,,,,,,,,,,,,,,,,,,,,,,,
865,,,,,,,,,,,,,,,,,,,,,,,,,,,,,,
866,,,,,,,,,,,,,,,,,,,,,,,,,,,,,,
867,,,,,,,,,,,,,,,,,,,,,,,,,,,,,,
868,,,,,,,,,,,,,,,,,,,,,,,,,,,,,,
869,,,,,,,,,,,,,,,,,,,,,,,,,,,,,,
870,,,,,,,,,,,,,,,,,,,,,,,,,,,,,,
871,,,,,,,,,,,,,,,,,,,,,,,,,,,,,,
872,,,,,,,,,,,,,,,,,,,,,,,,,,,,,,
873,,,,,,,,,,,,,,,,,,,,,,,,,,,,,,
874,,,,,,,,,,,,,,,,,,,,,,,,,,,,,,
875,,,,,,,,,,,,,,,,,,,,,,,,,,,,,,
876,,,,,,,,,,,,,,,,,,,,,,,,,,,,,,
877,,,,,,,,,,,,,,,,,,,,,,,,,,,,,,
878,,,,,,,,,,,,,,,,,,,,,,,,,,,,,,
879,,,,,,,,,,,,,,,,,,,,,,,,,,,,,,
880,,,,,,,,,,,,,,,,,,,,,,,,,,,,,,
881,,,,,,,,,,,,,,,,,,,,,,,,,,,,,,
882,,,,,,,,,,,,,,,,,,,,,,,,,,,,,,
883,,,,,,,,,,,,,,,,,,,,,,,,,,,,,,
884,,,,,,,,,,,,,,,,,,,,,,,,,,,,,,
885,,,,,,,,,,,,,,,,,,,,,,,,,,,,,,
886,,,,,,,,,,,,,,,,,,,,,,,,,,,,,,
887,,,,,,,,,,,,,,,,,,,,,,,,,,,,,,
888,,,,,,,,,,,,,,,,,,,,,,,,,,,,,,
889,,,,,,,,,,,,,,,,,,,,,,,,,,,,,,
890,,,,,,,,,,,,,,,,,,,,,,,,,,,,,,
891,,,,,,,,,,,,,,,,,,,,,,,,,,,,,,
892,,,,,,,,,,,,,,,,,,,,,,,,,,,,,,
893,,,,,,,,,,,,,,,,,,,,,,,,,,,,,,
894,,,,,,,,,,,,,,,,,,,,,,,,,,,,,,
895,,,,,,,,,,,,,,,,,,,,,,,,,,,,,,
896,,,,,,,,,,,,,,,,,,,,,,,,,,,,,,
897,,,,,,,,,,,,,,,,,,,,,,,,,,,,,,
898,,,,,,,,,,,,,,,,,,,,,,,,,,,,,,
899,,,,,,,,,,,,,,,,,,,,,,,,,,,,,,
900,,,,,,,,,,,,,,,,,,,,,,,,,,,,,,
